school_code,grade_12_total_enrollment,grade_12_test_takers,number_test_takers_who_scored_at_least_21,percentage_test_takers_who_scored_at_least_21,percentage_of_test_takers
129882.0,18.0,0.0,,,0.0
1995596.0,58.0,0.0,,,0.0
1530377.0,18.0,0.0,,,0.0
4333795.0,463.0,53.0,34,64.15,11.447084233261338
1935121.0,226.0,19.0,11,57.89,8.4070796460177
109926.0,65.0,33.0,3,9.09,50.76923076923077
126615.0,126.0,16.0,5,31.25,12.698412698412698
126003.0,14.0,1.0,*,,7.142857142857142
119958.0,84.0,9.0,*,,10.714285714285714
3631207.0,97.0,13.0,*,,13.402061855670103
126573.0,141.0,10.0,*,,7.092198581560284
116723.0,63.0,5.0,*,,7.936507936507936
126623.0,126.0,14.0,*,,11.11111111111111
1996321.0,104.0,36.0,34,94.44,34.61538461538461
108688.0,47.0,6.0,*,,12.76595744680851
107524.0,19.0,2.0,*,,10.526315789473683
730283.0,353.0,99.0,93,93.94,28.04532577903683
133793.0,78.0,0.0,,,0.0
125617.0,41.0,34.0,1,2.94,82.92682926829268
125419.0,430.0,28.0,8,28.57,6.511627906976744
5631619.0,507.0,91.0,55,60.44,17.94871794871795
4338802.0,458.0,138.0,93,67.39,30.131004366812224
1930080.0,459.0,140.0,114,81.43,30.501089324618736
118588.0,382.0,112.0,7,6.25,29.31937172774869
130609.0,31.0,5.0,*,,16.129032258064516
130229.0,463.0,93.0,85,91.4,20.086393088552914
106401.0,43.0,12.0,*,,27.906976744186046
130450.0,296.0,58.0,51,87.93,19.594594594594593
111203.0,51.0,0.0,,,0.0
1933852.0,585.0,139.0,75,53.96,23.760683760683758
1930163.0,648.0,93.0,69,74.19,14.351851851851851
730549.0,284.0,40.0,30,75.0,14.084507042253522
2730109.0,651.0,206.0,47,22.82,31.643625192012287
3030574.0,749.0,286.0,254,88.81,38.184245660881174
108936.0,141.0,70.0,19,27.14,49.645390070921984
111500.0,101.0,80.0,14,17.5,79.20792079207921
106864.0,123.0,8.0,*,,6.504065040650407
123133.0,137.0,14.0,*,,10.218978102189782
121293.0,89.0,89.0,10,11.24,100.0
5430301.0,24.0,0.0,,,0.0
132274.0,89.0,0.0,,,0.0
3630225.0,634.0,56.0,34,60.71,8.832807570977918
120402.0,61.0,8.0,*,,13.114754098360656
136432.0,190.0,0.0,,,0.0
130625.0,53.0,0.0,,,0.0
330753.0,154.0,17.0,16,94.12,11.03896103896104
130583.0,654.0,280.0,258,92.14,42.813455657492355
136499.0,19.0,0.0,,,0.0
121095.0,68.0,0.0,,,0.0
121087.0,412.0,41.0,31,75.61,9.951456310679612
130062.0,538.0,136.0,126,92.65,25.27881040892193
111856.0,62.0,3.0,*,,4.838709677419355
3030228.0,722.0,66.0,23,34.85,9.141274238227147
132928.0,14.0,8.0,*,,57.14285714285714
4930400.0,262.0,33.0,27,81.82,12.595419847328243
4530804.0,128.0,0.0,,,0.0
4530333.0,37.0,6.0,*,,16.216216216216218
2330900.0,46.0,2.0,*,,4.3478260869565215
1996131.0,224.0,21.0,18,85.71,9.375
4332995.0,450.0,26.0,17,65.38,5.777777777777778
4830170.0,423.0,52.0,37,71.15,12.293144208037825
124883.0,128.0,35.0,6,17.14,27.34375
1996586.0,145.0,99.0,22,22.22,68.27586206896552
111583.0,148.0,58.0,10,17.24,39.189189189189186
1996313.0,153.0,127.0,13,10.24,83.00653594771242
106849.0,131.0,120.0,15,12.5,91.6030534351145
111575.0,147.0,12.0,*,,8.16326530612245
102434.0,133.0,12.0,*,,9.022556390977442
106831.0,132.0,86.0,18,20.93,65.15151515151516
111625.0,128.0,21.0,8,38.1,16.40625
102368.0,292.0,83.0,69,83.13,28.424657534246577
116459.0,442.0,92.0,61,66.3,20.81447963800905
1930213.0,454.0,18.0,4,22.22,3.9647577092511015
112714.0,235.0,0.0,,,0.0
730861.0,456.0,50.0,15,30.0,10.964912280701753
3530060.0,75.0,5.0,*,,6.666666666666667
117077.0,82.0,30.0,0,0.0,36.58536585365854
3630423.0,551.0,55.0,30,54.55,9.98185117967332
124552.0,123.0,26.0,6,23.08,21.138211382113823
4430518.0,335.0,65.0,53,81.54,19.402985074626866
4130217.0,385.0,93.0,83,89.25,24.155844155844157
1930288.0,829.0,192.0,175,91.15,23.16043425814234
1230705.0,210.0,40.0,36,90.0,19.047619047619047
120634.0,45.0,5.0,*,,11.11111111111111
334755.0,96.0,20.0,13,65.0,20.833333333333336
115238.0,68.0,4.0,*,,5.88235294117647
4430096.0,30.0,0.0,,,0.0
112045.0,311.0,2.0,*,,0.6430868167202572
3330024.0,434.0,123.0,40,32.52,28.341013824884794
4830451.0,500.0,26.0,18,69.23,5.2
102871.0,760.0,225.0,206,91.56,29.605263157894733
4030557.0,503.0,158.0,97,61.39,31.411530815109344
1930320.0,544.0,29.0,18,62.07,5.330882352941177
130849.0,473.0,32.0,18,56.25,6.765327695560254
3631082.0,565.0,51.0,14,27.45,9.026548672566372
1930361.0,344.0,27.0,10,37.04,7.848837209302325
108951.0,42.0,0.0,,,0.0
1530252.0,616.0,71.0,22,30.99,11.525974025974026
3830387.0,175.0,39.0,32,82.05,22.285714285714285
130666.0,53.0,48.0,5,10.42,90.56603773584906
127100.0,439.0,0.0,,,0.0
4030102.0,29.0,1.0,*,,3.4482758620689653
4030755.0,278.0,34.0,26,76.47,12.23021582733813
2430601.0,474.0,71.0,16,22.54,14.978902953586498
3731395.0,172.0,1.0,*,,0.5813953488372093
134577.0,64.0,0.0,,,0.0
137034.0,26.0,0.0,,,0.0
126482.0,121.0,26.0,2,7.69,21.487603305785125
126490.0,93.0,25.0,0,0.0,26.881720430107524
126508.0,78.0,1.0,*,,1.282051282051282
1930411.0,43.0,0.0,,,0.0
1630953.0,149.0,112.0,4,3.57,75.16778523489933
113464.0,49.0,1.0,*,,2.0408163265306123
1930528.0,291.0,25.0,4,16.0,8.59106529209622
131995.0,59.0,0.0,,,0.0
1530708.0,693.0,47.0,32,68.09,6.782106782106783
3830288.0,306.0,42.0,18,42.86,13.725490196078432
1930601.0,438.0,114.0,54,47.37,26.027397260273972
3330214.0,218.0,51.0,13,25.49,23.394495412844037
3330974.0,91.0,0.0,,,0.0
3630803.0,319.0,26.0,8,30.77,8.150470219435736
1930700.0,254.0,21.0,12,57.14,8.267716535433072
106906.0,35.0,3.0,*,,8.571428571428571
126094.0,34.0,0.0,,,0.0
125153.0,43.0,0.0,,,0.0
3930237.0,450.0,50.0,23,46.0,11.11111111111111
2930048.0,128.0,22.0,15,68.18,17.1875
3330479.0,652.0,48.0,23,47.92,7.361963190184049
1930825.0,653.0,175.0,40,22.86,26.79938744257274
1930866.0,575.0,178.0,44,24.72,30.956521739130434
3430493.0,458.0,74.0,63,85.14,16.157205240174672
1930775.0,367.0,7.0,*,,1.9073569482288828
1930924.0,206.0,31.0,4,12.9,15.048543689320388
4831004.0,363.0,67.0,56,83.58,18.457300275482094
1933043.0,277.0,108.0,26,24.07,38.98916967509025
131177.0,715.0,222.0,165,74.32,31.04895104895105
132126.0,43.0,1.0,*,,2.3255813953488373
1930981.0,404.0,91.0,78,85.71,22.524752475247524
3631066.0,167.0,9.0,*,,5.389221556886228
119628.0,21.0,3.0,*,,14.285714285714285
1831601.0,20.0,0.0,,,0.0
430827.0,57.0,5.0,*,,8.771929824561402
1931047.0,798.0,37.0,16,43.24,4.636591478696742
1431600.0,133.0,27.0,19,70.37,20.30075187969925
114314.0,27.0,0.0,,,0.0
1931062.0,156.0,37.0,20,54.05,23.717948717948715
3631322.0,481.0,17.0,11,64.71,3.5343035343035343
3030434.0,477.0,99.0,47,47.47,20.754716981132077
1931088.0,471.0,115.0,70,60.87,24.416135881104033
3730405.0,659.0,72.0,51,70.83,10.925644916540213
129320.0,66.0,5.0,*,,7.575757575757576
1530997.0,39.0,0.0,,,0.0
3730447.0,36.0,0.0,,,0.0
1934421.0,308.0,2.0,*,,0.6493506493506493
129536.0,42.0,1.0,*,,2.380952380952381
4330866.0,416.0,67.0,64,95.52,16.105769230769234
1331404.0,373.0,115.0,34,29.57,30.831099195710454
3030640.0,476.0,121.0,109,90.08,25.42016806722689
532507.0,152.0,12.0,*,,7.894736842105263
112508.0,117.0,45.0,11,24.44,38.46153846153847
730473.0,23.0,2.0,*,,8.695652173913043
1030501.0,667.0,125.0,100,80.0,18.74062968515742
5630793.0,412.0,55.0,32,58.18,13.349514563106796
3030855.0,479.0,35.0,18,51.43,7.306889352818372
2430205.0,412.0,64.0,21,32.81,15.53398058252427
1030279.0,518.0,24.0,12,50.0,4.633204633204633
1931187.0,586.0,94.0,76,80.85,16.040955631399317
131573.0,29.0,1.0,*,,3.4482758620689653
4130472.0,401.0,131.0,110,83.97,32.66832917705736
4531000.0,31.0,9.0,*,,29.03225806451613
1531367.0,331.0,15.0,14,93.33,4.531722054380665
1931237.0,584.0,81.0,63,77.78,13.86986301369863
3830254.0,248.0,50.0,25,50.0,20.161290322580644
4731253.0,18.0,0.0,,,0.0
114348.0,144.0,0.0,,,0.0
3435419.0,504.0,74.0,57,77.03,14.682539682539684
4230454.0,280.0,27.0,22,81.48,9.642857142857144
1995935.0,531.0,52.0,10,19.23,9.792843691148775
3632221.0,631.0,100.0,36,36.0,15.847860538827257
1931781.0,524.0,182.0,155,85.16,34.73282442748092
531509.0,189.0,19.0,16,84.21,10.052910052910052
530055.0,15.0,0.0,,,0.0
125427.0,257.0,2.0,*,,0.7782101167315175
1332204.0,761.0,90.0,35,38.89,11.826544021024969
1995539.0,164.0,65.0,58,89.23,39.63414634146341
136754.0,15.0,0.0,,,0.0
114512.0,107.0,4.0,*,,3.7383177570093453
129601.0,31.0,0.0,,,0.0
125849.0,206.0,9.0,*,,4.368932038834951
106765.0,618.0,30.0,23,76.67,4.854368932038835
112458.0,56.0,1.0,*,,1.7857142857142856
125633.0,36.0,0.0,,,0.0
730051.0,648.0,203.0,178,87.68,31.32716049382716
1931302.0,670.0,58.0,24,41.38,8.656716417910449
101170.0,109.0,8.0,*,,7.339449541284404
132472.0,108.0,1.0,*,,0.9259259259259258
132761.0,40.0,0.0,,,0.0
124131.0,68.0,3.0,*,,4.411764705882353
131763.0,81.0,21.0,2,9.52,25.925925925925924
3330834.0,76.0,26.0,2,7.69,34.21052631578947
134858.0,90.0,27.0,21,77.78,30.0
134247.0,305.0,1.0,*,,0.32786885245901637
134866.0,18.0,0.0,,,0.0
136465.0,59.0,0.0,,,0.0
112706.0,329.0,9.0,*,,2.735562310030395
6120893.0,183.0,3.0,*,,1.639344262295082
127191.0,133.0,3.0,*,,2.2556390977443606
107284.0,70.0,4.0,*,,5.714285714285714
137661.0,40.0,0.0,,,0.0
112698.0,35.0,1.0,*,,2.857142857142857
137687.0,29.0,0.0,,,0.0
129007.0,91.0,1.0,*,,1.098901098901099
112284.0,94.0,4.0,*,,4.25531914893617
1332501.0,91.0,19.0,9,47.37,20.87912087912088
2831758.0,45.0,13.0,*,,28.888888888888886
106435.0,86.0,34.0,4,11.76,39.53488372093023
127910.0,112.0,82.0,3,3.66,73.21428571428571
3730934.0,3.0,1.0,*,,33.33333333333333
731125.0,340.0,161.0,149,92.55,47.35294117647059
1931476.0,227.0,32.0,9,28.13,14.096916299559473
106328.0,635.0,409.0,392,95.84,64.40944881889764
3030046.0,572.0,119.0,92,77.31,20.804195804195803
1931492.0,536.0,65.0,39,60.0,12.126865671641792
3330396.0,494.0,31.0,16,51.61,6.275303643724696
3030210.0,521.0,151.0,129,85.43,28.982725527831093
3430519.0,147.0,0.0,,,0.0
4130738.0,275.0,52.0,21,40.38,18.90909090909091
4130993.0,522.0,173.0,142,82.08,33.14176245210728
3730694.0,525.0,154.0,110,71.43,29.333333333333332
3731163.0,15.0,1.0,*,,6.666666666666667
2730414.0,207.0,121.0,93,76.86,58.454106280193244
4230587.0,148.0,39.0,21,53.85,26.351351351351347
1931526.0,334.0,26.0,11,42.31,7.784431137724551
1030840.0,135.0,3.0,*,,2.2222222222222223
1030535.0,145.0,8.0,*,,5.517241379310345
4930012.0,425.0,55.0,40,72.73,12.941176470588237
3431111.0,255.0,19.0,10,52.63,7.450980392156863
3730801.0,447.0,23.0,9,39.13,5.1454138702460845
830059.0,108.0,0.0,,,0.0
125161.0,182.0,1.0,*,,0.5494505494505495
132225.0,644.0,106.0,82,77.36,16.459627329192546
101659.0,37.0,14.0,*,,37.83783783783784
3330578.0,390.0,31.0,11,35.48,7.948717948717948
117804.0,63.0,2.0,*,,3.1746031746031744
3330446.0,786.0,163.0,84,51.53,20.737913486005088
1931567.0,214.0,153.0,4,2.61,71.49532710280374
1530369.0,471.0,51.0,27,52.94,10.828025477707007
3430378.0,315.0,14.0,*,,4.444444444444445
118521.0,18.0,0.0,,,0.0
100800.0,105.0,15.0,8,53.33,14.285714285714285
125328.0,61.0,13.0,*,,21.311475409836063
1030626.0,913.0,37.0,20,54.05,4.052573932092004
1030386.0,92.0,0.0,,,0.0
1333004.0,403.0,56.0,26,46.43,13.895781637717123
108076.0,439.0,9.0,*,,2.050113895216401
4531901.0,133.0,3.0,*,,2.2556390977443606
123349.0,28.0,2.0,*,,7.142857142857142
3030491.0,417.0,39.0,11,28.21,9.352517985611511
5030879.0,381.0,23.0,4,17.39,6.036745406824147
1930056.0,509.0,93.0,83,89.25,18.271119842829076
108159.0,521.0,22.0,7,31.82,4.222648752399232
100529.0,316.0,30.0,20,66.67,9.49367088607595
124396.0,108.0,28.0,8,28.57,25.925925925925924
124370.0,87.0,39.0,7,17.95,44.827586206896555
124388.0,96.0,2.0,*,,2.083333333333333
124404.0,62.0,2.0,*,,3.225806451612903
126243.0,31.0,6.0,*,,19.35483870967742
3632205.0,782.0,31.0,14,45.16,3.9641943734015346
108878.0,182.0,52.0,24,46.15,28.57142857142857
5631742.0,611.0,74.0,17,22.97,12.111292962356792
3330743.0,722.0,178.0,110,61.8,24.653739612188367
3630365.0,98.0,1.0,*,,1.0204081632653061
930123.0,111.0,2.0,*,,1.8018018018018018
1931666.0,364.0,38.0,25,65.79,10.43956043956044
3730959.0,499.0,7.0,*,,1.402805611222445
1931708.0,448.0,19.0,10,52.63,4.241071428571429
132936.0,45.0,1.0,*,,2.2222222222222223
1030477.0,17.0,1.0,*,,5.88235294117647
3232006.0,22.0,3.0,*,,13.636363636363635
1931336.0,25.0,1.0,*,,4.0
431676.0,475.0,46.0,32,69.57,9.68421052631579
3632502.0,432.0,16.0,8,50.0,3.7037037037037033
3631017.0,704.0,79.0,58,73.42,11.221590909090908
2032357.0,262.0,18.0,9,50.0,6.870229007633588
118380.0,397.0,100.0,63,63.0,25.188916876574307
6115778.0,99.0,11.0,*,,11.11111111111111
3731064.0,672.0,83.0,35,42.17,12.351190476190476
130534.0,71.0,4.0,*,,5.633802816901409
117440.0,115.0,1.0,*,,0.8695652173913043
3630480.0,181.0,103.0,0,0.0,56.9060773480663
109108.0,481.0,4.0,*,,0.8316008316008316
118802.0,490.0,33.0,20,60.61,6.73469387755102
107300.0,67.0,7.0,*,,10.44776119402985
124347.0,4.0,1.0,*,,25.0
1996529.0,95.0,17.0,7,41.18,17.894736842105264
1996115.0,292.0,2.0,*,,0.684931506849315
115386.0,60.0,0.0,,,0.0
3731213.0,207.0,27.0,19,70.37,13.043478260869565
1931823.0,591.0,139.0,103,74.1,23.519458544839257
136200.0,25.0,0.0,,,0.0
111195.0,298.0,69.0,62,89.86,23.154362416107382
731380.0,482.0,130.0,95,73.08,26.970954356846473
1732304.0,80.0,2.0,*,,2.5
4930855.0,70.0,5.0,*,,7.142857142857142
1030683.0,584.0,55.0,31,56.36,9.417808219178083
1031053.0,733.0,88.0,57,64.77,12.005457025920874
113555.0,576.0,124.0,111,89.52,21.52777777777778
118018.0,114.0,3.0,*,,2.631578947368421
1030196.0,486.0,84.0,58,69.05,17.28395061728395
3330990.0,607.0,88.0,18,20.45,14.497528830313014
1031376.0,236.0,4.0,*,,1.694915254237288
3030368.0,139.0,1.0,*,,0.7194244604316548
4032009.0,39.0,6.0,*,,15.384615384615385
136267.0,48.0,1.0,*,,2.083333333333333
6114698.0,103.0,19.0,7,36.84,18.446601941747574
3130192.0,3.0,1.0,*,,33.33333333333333
2633006.0,17.0,1.0,*,,5.88235294117647
3131851.0,125.0,31.0,20,64.52,24.8
112797.0,63.0,9.0,*,,14.285714285714285
132910.0,96.0,0.0,,,0.0
128454.0,86.0,0.0,,,0.0
731646.0,443.0,70.0,53,75.71,15.80135440180587
131821.0,34.0,0.0,,,0.0
3631157.0,539.0,55.0,22,40.0,10.204081632653061
3632742.0,445.0,71.0,14,19.72,15.955056179775282
630046.0,18.0,0.0,,,0.0
631259.0,81.0,5.0,*,,6.172839506172839
134213.0,29.0,0.0,,,0.0
138032.0,19.0,0.0,,,0.0
124495.0,103.0,33.0,2,6.06,32.038834951456316
132654.0,91.0,0.0,,,0.0
108837.0,154.0,0.0,,,0.0
136069.0,37.0,0.0,,,0.0
130880.0,10.0,1.0,*,,10.0
135145.0,45.0,1.0,*,,2.2222222222222223
127084.0,32.0,1.0,*,,3.125
132969.0,65.0,64.0,22,34.38,98.46153846153847
1931963.0,354.0,274.0,14,5.11,77.40112994350282
731836.0,369.0,24.0,21,87.5,6.504065040650407
125674.0,214.0,3.0,*,,1.4018691588785046
5030317.0,177.0,5.0,*,,2.824858757062147
5530191.0,43.0,0.0,,,0.0
132555.0,13.0,1.0,*,,7.6923076923076925
134114.0,16.0,3.0,*,,18.75
117721.0,84.0,58.0,3,5.17,69.04761904761905
112870.0,70.0,6.0,*,,8.571428571428571
127795.0,90.0,40.0,3,7.5,44.44444444444444
1632207.0,169.0,40.0,10,25.0,23.668639053254438
3431533.0,386.0,23.0,14,60.87,5.958549222797927
114991.0,113.0,10.0,*,,8.849557522123893
6115935.0,42.0,4.0,*,,9.523809523809524
119214.0,49.0,2.0,*,,4.081632653061225
5231709.0,206.0,113.0,33,29.2,54.85436893203883
3031697.0,458.0,300.0,265,88.33,65.50218340611353
3331600.0,581.0,108.0,34,31.48,18.588640275387263
3731478.0,291.0,128.0,100,78.13,43.986254295532646
3330131.0,65.0,0.0,,,0.0
3031853.0,286.0,30.0,19,63.33,10.48951048951049
116897.0,580.0,143.0,100,69.93,24.655172413793103
129668.0,39.0,0.0,,,0.0
1932086.0,270.0,9.0,*,,3.3333333333333335
107177.0,218.0,37.0,11,29.73,16.972477064220186
108795.0,34.0,0.0,,,0.0
123786.0,65.0,11.0,*,,16.923076923076923
1932128.0,216.0,33.0,3,9.09,15.277777777777779
136507.0,35.0,0.0,,,0.0
136523.0,66.0,0.0,,,0.0
109991.0,140.0,5.0,*,,3.571428571428571
1932144.0,631.0,143.0,124,86.71,22.66244057052298
119073.0,35.0,0.0,,,0.0
101717.0,38.0,0.0,,,0.0
138115.0,25.0,0.0,,,0.0
130484.0,17.0,0.0,,,0.0
1932201.0,526.0,147.0,94,63.95,27.9467680608365
1932656.0,26.0,1.0,*,,3.8461538461538463
4331799.0,625.0,209.0,200,95.69,33.44
100305.0,30.0,0.0,,,0.0
3030038.0,713.0,105.0,86,81.9,14.726507713884992
119578.0,88.0,11.0,*,,12.5
131128.0,94.0,44.0,5,11.36,46.808510638297875
119636.0,164.0,33.0,10,30.3,20.121951219512198
138669.0,45.0,0.0,,,0.0
119016.0,159.0,43.0,28,65.12,27.044025157232703
3038569.0,669.0,213.0,193,90.61,31.838565022421523
120360.0,71.0,23.0,14,60.87,32.3943661971831
1934454.0,87.0,16.0,5,31.25,18.39080459770115
5730098.0,22.0,1.0,*,,4.545454545454546
5732201.0,569.0,144.0,135,93.75,25.30755711775044
732164.0,332.0,55.0,19,34.55,16.566265060240966
126763.0,52.0,0.0,,,0.0
730465.0,533.0,47.0,23,48.94,8.818011257035648
6119564.0,31.0,2.0,*,,6.451612903225806
3432051.0,371.0,36.0,18,50.0,9.703504043126685
127241.0,178.0,65.0,37,56.92,36.51685393258427
4331955.0,290.0,67.0,29,43.28,23.103448275862068
833004.0,203.0,5.0,*,,2.4630541871921183
118935.0,515.0,211.0,186,88.15,40.97087378640777
3132453.0,410.0,110.0,86,78.18,26.82926829268293
1531672.0,339.0,110.0,28,25.45,32.448377581120944
2430114.0,167.0,68.0,15,22.06,40.7185628742515
4430187.0,66.0,1.0,*,,1.5151515151515151
6119309.0,71.0,3.0,*,,4.225352112676056
130864.0,32.0,0.0,,,0.0
5731708.0,50.0,5.0,*,,10.0
136028.0,108.0,0.0,,,0.0
5030267.0,83.0,0.0,,,0.0
5031521.0,60.0,3.0,*,,5.0
3330818.0,417.0,46.0,3,6.52,11.031175059952037
1531987.0,84.0,8.0,*,,9.523809523809524
133090.0,37.0,0.0,,,0.0
100255.0,459.0,97.0,12,12.37,21.13289760348584
1996537.0,88.0,2.0,*,,2.272727272727273
108555.0,63.0,58.0,23,39.66,92.06349206349206
129759.0,120.0,33.0,29,87.88,27.500000000000004
1932862.0,749.0,188.0,165,87.77,25.100133511348467
1995901.0,377.0,82.0,47,57.32,21.750663129973475
4430245.0,11.0,7.0,*,,63.63636363636363
136614.0,106.0,0.0,,,0.0
124503.0,103.0,6.0,*,,5.825242718446602
137109.0,78.0,0.0,,,0.0
137752.0,29.0,0.0,,,0.0
5431184.0,423.0,96.0,18,18.75,22.69503546099291
115253.0,60.0,11.0,*,,18.333333333333332
3430626.0,74.0,6.0,*,,8.108108108108109
4832259.0,246.0,67.0,34,50.75,27.235772357723576
1932326.0,391.0,268.0,13,4.85,68.54219948849105
3630035.0,432.0,22.0,9,40.91,5.092592592592593
5530084.0,18.0,0.0,,,0.0
2431203.0,159.0,2.0,*,,1.257861635220126
4231726.0,486.0,155.0,107,69.03,31.893004115226336
113118.0,766.0,294.0,281,95.58,38.38120104438642
1932441.0,1050.0,87.0,59,67.82,8.285714285714285
1932888.0,203.0,102.0,61,59.8,50.24630541871922
123257.0,61.0,38.0,7,18.42,62.295081967213115
4330585.0,85.0,57.0,5,8.77,67.05882352941175
117218.0,143.0,19.0,10,52.63,13.286713286713287
124479.0,147.0,27.0,1,3.7,18.367346938775512
102921.0,118.0,24.0,19,79.17,20.33898305084746
114496.0,64.0,11.0,*,,17.1875
1932482.0,199.0,28.0,10,35.71,14.07035175879397
132704.0,622.0,216.0,187,86.57,34.726688102893895
116640.0,17.0,0.0,,,0.0
4732707.0,15.0,0.0,,,0.0
433201.0,72.0,3.0,*,,4.166666666666666
127647.0,81.0,4.0,*,,4.938271604938271
1932540.0,420.0,38.0,25,65.79,9.047619047619047
127803.0,33.0,0.0,,,0.0
111666.0,50.0,38.0,24,63.16,76.0
1532290.0,533.0,34.0,7,20.59,6.378986866791744
111799.0,42.0,1.0,*,,2.380952380952381
122374.0,94.0,23.0,2,8.7,24.46808510638298
5132758.0,79.0,9.0,*,,11.39240506329114
126722.0,65.0,2.0,*,,3.076923076923077
3932001.0,392.0,29.0,13,44.83,7.3979591836734695
112037.0,141.0,15.0,1,6.67,10.638297872340425
118315.0,15.0,7.0,*,,46.666666666666664
3730843.0,802.0,111.0,75,67.57,13.840399002493767
108407.0,562.0,45.0,9,20.0,8.007117437722421
124669.0,28.0,0.0,,,0.0
122432.0,192.0,8.0,*,,4.166666666666666
3031895.0,669.0,125.0,101,80.8,18.684603886397607
3932100.0,525.0,25.0,7,28.0,4.761904761904762
1031897.0,560.0,67.0,36,53.73,11.964285714285715
1995570.0,563.0,1.0,*,,0.17761989342806395
930214.0,31.0,1.0,*,,3.225806451612903
115402.0,36.0,5.0,*,,13.88888888888889
117051.0,233.0,20.0,7,35.0,8.583690987124463
3633005.0,524.0,63.0,15,23.81,12.022900763358779
3731692.0,553.0,94.0,36,38.3,16.998191681735985
3432317.0,321.0,46.0,37,80.43,14.330218068535824
5630298.0,83.0,9.0,*,,10.843373493975903
4132551.0,315.0,21.0,17,80.95,6.666666666666667
3739018.0,795.0,125.0,63,50.4,15.723270440251572
1932623.0,904.0,122.0,101,82.79,13.495575221238937
3031945.0,93.0,1.0,*,,1.0752688172043012
3731809.0,406.0,56.0,30,53.57,13.793103448275861
127373.0,373.0,96.0,31,32.29,25.737265415549597
732941.0,331.0,48.0,29,60.42,14.501510574018129
5430368.0,461.0,49.0,22,44.9,10.629067245119305
932756.0,235.0,48.0,26,54.17,20.425531914893615
3031929.0,462.0,71.0,57,80.28,15.367965367965366
3031952.0,526.0,42.0,29,69.05,7.984790874524715
4931507.0,131.0,22.0,13,59.09,16.793893129770993
1932664.0,397.0,114.0,42,36.84,28.71536523929471
124610.0,146.0,1.0,*,,0.684931506849315
1932706.0,592.0,218.0,62,28.44,36.82432432432432
1932763.0,292.0,109.0,78,71.56,37.32876712328767
3430386.0,121.0,0.0,,,0.0
3030061.0,559.0,113.0,75,66.37,20.214669051878353
6119291.0,5.0,1.0,*,,20.0
110627.0,1083.0,190.0,111,58.42,17.543859649122805
4830113.0,121.0,9.0,*,,7.43801652892562
138107.0,70.0,0.0,,,0.0
136960.0,15.0,0.0,,,0.0
6016885.0,129.0,5.0,*,,3.875968992248062
6112254.0,79.0,0.0,,,0.0
3432572.0,475.0,97.0,62,63.92,20.42105263157895
122473.0,20.0,0.0,,,0.0
4930160.0,225.0,13.0,*,,5.777777777777778
3332350.0,437.0,14.0,*,,3.203661327231121
3430634.0,146.0,0.0,,,0.0
132746.0,40.0,0.0,,,0.0
128439.0,54.0,0.0,,,0.0
134619.0,19.0,0.0,,,0.0
3432838.0,149.0,7.0,*,,4.697986577181208
132142.0,233.0,44.0,36,81.82,18.88412017167382
132498.0,95.0,0.0,,,0.0
116707.0,113.0,37.0,10,27.03,32.743362831858406
5030168.0,80.0,0.0,,,0.0
122382.0,72.0,2.0,*,,2.7777777777777777
1030469.0,18.0,0.0,,,0.0
4532750.0,302.0,10.0,*,,3.3112582781456954
1996438.0,126.0,96.0,19,19.79,76.19047619047619
112607.0,84.0,0.0,,,0.0
134239.0,19.0,0.0,,,0.0
130823.0,440.0,0.0,,,0.0
3630019.0,142.0,113.0,0,0.0,79.5774647887324
1030295.0,210.0,2.0,*,,0.9523809523809524
135095.0,44.0,0.0,,,0.0
4234613.0,536.0,58.0,29,50.0,10.820895522388058
127381.0,165.0,24.0,15,62.5,14.545454545454545
3932308.0,188.0,16.0,10,62.5,8.51063829787234
3731023.0,210.0,27.0,20,74.07,12.857142857142856
3732062.0,580.0,137.0,38,27.74,23.620689655172413
107151.0,63.0,0.0,,,0.0
5732904.0,44.0,0.0,,,0.0
3030053.0,355.0,83.0,57,68.67,23.380281690140844
3032000.0,325.0,22.0,7,31.82,6.769230769230769
122341.0,85.0,27.0,3,11.11,31.76470588235294
3630373.0,851.0,84.0,48,57.14,9.870740305522913
4733309.0,43.0,27.0,11,40.74,62.7906976744186
132324.0,103.0,11.0,*,,10.679611650485436
1232206.0,266.0,23.0,16,69.57,8.646616541353383
119503.0,86.0,51.0,12,23.53,59.30232558139535
2730166.0,607.0,122.0,34,27.87,20.098846787479406
4330692.0,712.0,122.0,114,93.44,17.134831460674157
3630761.0,279.0,13.0,*,,4.659498207885305
137869.0,15.0,0.0,,,0.0
5431598.0,187.0,18.0,13,72.22,9.62566844919786
1932920.0,361.0,36.0,12,33.33,9.97229916897507
4833000.0,304.0,12.0,*,,3.9473684210526314
4533600.0,35.0,12.0,*,,34.285714285714285
3732179.0,464.0,40.0,25,62.5,8.620689655172415
128488.0,92.0,1.0,*,,1.0869565217391304
111773.0,47.0,2.0,*,,4.25531914893617
5430210.0,170.0,46.0,8,17.39,27.058823529411764
119966.0,247.0,13.0,*,,5.263157894736842
1232909.0,34.0,2.0,*,,5.88235294117647
5632021.0,250.0,29.0,19,65.52,11.600000000000001
1030121.0,167.0,31.0,3,9.68,18.562874251497004
118141.0,63.0,0.0,,,0.0
3430477.0,322.0,94.0,30,31.91,29.19254658385093
3433216.0,552.0,127.0,110,86.61,23.007246376811594
3630555.0,507.0,447.0,53,11.86,88.16568047337277
3633302.0,538.0,496.0,42,8.47,92.19330855018588
130096.0,498.0,196.0,176,89.8,39.3574297188755
1532605.0,471.0,15.0,6,40.0,3.1847133757961785
4530044.0,317.0,29.0,22,75.86,9.14826498422713
3032109.0,542.0,155.0,127,81.94,28.59778597785978
3433265.0,251.0,10.0,*,,3.9840637450199203
5630348.0,222.0,61.0,34,55.74,27.47747747747748
3730793.0,84.0,0.0,,,0.0
126219.0,88.0,13.0,*,,14.772727272727273
102293.0,52.0,8.0,*,,15.384615384615385
2331361.0,107.0,24.0,17,70.83,22.429906542056074
1233402.0,183.0,18.0,9,50.0,9.836065573770492
6061451.0,166.0,56.0,19,33.93,33.734939759036145
3032158.0,805.0,102.0,87,85.29,12.670807453416149
1032150.0,203.0,10.0,*,,4.926108374384237
1995448.0,403.0,101.0,55,54.46,25.06203473945409
3932654.0,449.0,57.0,21,36.84,12.694877505567929
3430873.0,595.0,69.0,57,82.61,11.596638655462185
1530401.0,61.0,0.0,,,0.0
5030010.0,397.0,63.0,47,74.6,15.869017632241814
730457.0,649.0,89.0,40,44.94,13.713405238828969
6061634.0,90.0,19.0,6,31.58,21.11111111111111
125716.0,154.0,26.0,2,7.69,16.883116883116884
4332474.0,508.0,82.0,66,80.49,16.141732283464567
1032507.0,442.0,110.0,14,12.73,24.8868778280543
110999.0,576.0,50.0,38,76.0,8.680555555555555
3032505.0,467.0,59.0,42,71.19,12.633832976445397
2035640.0,92.0,0.0,,,0.0
131185.0,31.0,0.0,,,0.0
102178.0,15.0,0.0,,,0.0
101832.0,71.0,0.0,,,0.0
1995810.0,433.0,69.0,62,89.86,15.935334872979215
1933159.0,418.0,41.0,25,60.98,9.808612440191387
3831765.0,462.0,95.0,55,57.89,20.562770562770563
3433471.0,215.0,26.0,6,23.08,12.093023255813954
1933175.0,207.0,67.0,11,16.42,32.367149758454104
3032752.0,569.0,77.0,55,71.43,13.53251318101933
1933241.0,279.0,24.0,3,12.5,8.60215053763441
1933324.0,399.0,23.0,4,17.39,5.764411027568922
128777.0,151.0,0.0,,,0.0
3830437.0,112.0,39.0,16,41.03,34.82142857142857
128157.0,46.0,0.0,,,0.0
119859.0,65.0,0.0,,,0.0
101899.0,50.0,1.0,*,,2.0
1939305.0,197.0,4.0,*,,2.030456852791878
129981.0,10.0,1.0,*,,10.0
4332839.0,374.0,36.0,21,58.33,9.62566844919786
2030237.0,27.0,4.0,*,,14.814814814814813
1933449.0,266.0,24.0,13,54.17,9.022556390977442
1939834.0,355.0,28.0,20,71.43,7.887323943661972
1933530.0,547.0,42.0,29,69.05,7.678244972577697
1933597.0,591.0,79.0,66,83.54,13.367174280879865
112276.0,56.0,0.0,,,0.0
117168.0,50.0,1.0,*,,2.0
930073.0,76.0,6.0,*,,7.894736842105263
5630363.0,18.0,1.0,*,,5.555555555555555
100198.0,580.0,22.0,8,36.36,3.793103448275862
2430098.0,397.0,45.0,10,22.22,11.335012594458437
102459.0,479.0,53.0,37,69.81,11.064718162839249
5430046.0,383.0,38.0,17,44.74,9.921671018276761
119610.0,125.0,114.0,12,10.53,91.2
2730885.0,182.0,63.0,11,17.46,34.61538461538461
138123.0,50.0,0.0,,,0.0
1996305.0,113.0,10.0,*,,8.849557522123893
137794.0,122.0,0.0,,,0.0
5031380.0,452.0,11.0,*,,2.433628318584071
133397.0,567.0,147.0,118,80.27,25.925925925925924
1933746.0,1120.0,204.0,154,75.49,18.21428571428571
125500.0,503.0,38.0,21,55.26,7.5546719681908545
3130184.0,513.0,201.0,175,87.06,39.1812865497076
3630894.0,371.0,14.0,*,,3.7735849056603774
3732336.0,557.0,97.0,55,56.7,17.41472172351885
5430251.0,302.0,41.0,5,12.2,13.57615894039735
3433794.0,394.0,49.0,17,34.69,12.436548223350254
105734.0,756.0,214.0,157,73.36,28.306878306878307
2730174.0,268.0,53.0,5,9.43,19.776119402985074
433953.0,158.0,15.0,9,60.0,9.49367088607595
101725.0,141.0,0.0,,,0.0
3732625.0,539.0,87.0,51,58.62,16.14100185528757
3731536.0,35.0,12.0,*,,34.285714285714285
136077.0,113.0,0.0,,,0.0
3630928.0,31.0,3.0,*,,9.67741935483871
1931864.0,651.0,110.0,88,80.0,16.897081413210447
124917.0,16.0,0.0,,,0.0
3730942.0,103.0,16.0,14,87.5,15.53398058252427
4330080.0,246.0,17.0,11,64.71,6.910569105691057
2431807.0,140.0,28.0,8,28.57,20.0
4132817.0,223.0,65.0,50,76.92,29.14798206278027
1030766.0,40.0,1.0,*,,2.5
1133701.0,86.0,30.0,7,23.33,34.883720930232556
106716.0,54.0,3.0,*,,5.555555555555555
1634401.0,335.0,18.0,9,50.0,5.3731343283582085
1630169.0,301.0,17.0,9,52.94,5.647840531561462
4734356.0,22.0,13.0,*,,59.09090909090909
4432340.0,179.0,45.0,17,37.78,25.139664804469277
116590.0,109.0,38.0,21,55.26,34.862385321100916
1930619.0,43.0,0.0,,,0.0
6112965.0,18.0,6.0,*,,33.33333333333333
1933951.0,498.0,124.0,20,16.13,24.899598393574294
100354.0,112.0,112.0,49,43.75,100.0
133629.0,355.0,37.0,21,56.76,10.422535211267606
4932554.0,139.0,36.0,29,80.56,25.899280575539567
123802.0,96.0,41.0,11,26.83,42.70833333333333
114462.0,141.0,1.0,*,,0.7092198581560284
430090.0,47.0,0.0,,,0.0
138131.0,50.0,0.0,,,0.0
114736.0,627.0,72.0,33,45.83,11.483253588516746
117069.0,124.0,34.0,4,11.76,27.419354838709676
3330503.0,102.0,0.0,,,0.0
3732732.0,578.0,239.0,134,56.07,41.34948096885813
3332673.0,573.0,18.0,13,72.22,3.1413612565445024
3732781.0,506.0,138.0,104,75.36,27.27272727272727
3630902.0,516.0,467.0,63,13.49,90.50387596899225
4332904.0,501.0,223.0,201,90.13,44.510978043912175
1032911.0,360.0,31.0,4,12.9,8.61111111111111
1934082.0,351.0,11.0,*,,3.133903133903134
730598.0,219.0,20.0,13,65.0,9.1324200913242
113191.0,610.0,150.0,44,29.33,24.59016393442623
107797.0,574.0,112.0,87,77.68,19.51219512195122
108415.0,107.0,0.0,,,0.0
1833409.0,15.0,0.0,,,0.0
3630407.0,445.0,40.0,9,22.5,8.98876404494382
3631009.0,64.0,0.0,,,0.0
3731247.0,126.0,25.0,15,60.0,19.841269841269842
114678.0,147.0,16.0,6,37.5,10.884353741496598
106732.0,98.0,22.0,10,45.45,22.448979591836736
108787.0,90.0,38.0,19,50.0,42.22222222222222
114694.0,95.0,24.0,13,54.17,25.263157894736842
100677.0,90.0,15.0,6,40.0,16.666666666666664
1533330.0,477.0,22.0,10,45.45,4.612159329140461
1995398.0,691.0,25.0,12,48.0,3.61794500723589
130757.0,325.0,0.0,,,0.0
3434370.0,143.0,3.0,*,,2.097902097902098
126474.0,67.0,20.0,2,10.0,29.850746268656714
125732.0,391.0,17.0,11,64.71,4.3478260869565215
4133070.0,356.0,65.0,55,84.62,18.258426966292134
3732849.0,599.0,73.0,36,49.32,12.186978297161936
2432409.0,154.0,26.0,11,42.31,16.883116883116884
3434636.0,364.0,28.0,1,3.57,7.6923076923076925
1934033.0,334.0,48.0,21,43.75,14.37125748502994
1335306.0,138.0,29.0,9,31.03,21.014492753623188
4333316.0,605.0,197.0,185,93.91,32.56198347107438
6112585.0,25.0,0.0,,,0.0
1234004.0,52.0,0.0,,,0.0
3732997.0,489.0,206.0,49,23.79,42.12678936605317
3330909.0,41.0,1.0,*,,2.4390243902439024
3130168.0,273.0,7.0,*,,2.564102564102564
730317.0,54.0,1.0,*,,1.8518518518518516
5632849.0,491.0,30.0,13,43.33,6.109979633401222
5032651.0,150.0,12.0,*,,8.0
122358.0,79.0,0.0,,,0.0
127787.0,105.0,8.0,*,,7.6190476190476195
126755.0,55.0,2.0,*,,3.6363636363636362
3032943.0,718.0,205.0,159,77.56,28.551532033426184
1934157.0,301.0,44.0,7,15.91,14.61794019933555
101196.0,120.0,21.0,3,14.29,17.5
132548.0,61.0,0.0,,,0.0
120410.0,19.0,5.0,*,,26.31578947368421
131987.0,60.0,0.0,,,0.0
137646.0,102.0,23.0,5,21.74,22.54901960784314
1335900.0,279.0,65.0,35,53.85,23.297491039426525
134379.0,148.0,0.0,,,0.0
3930344.0,90.0,2.0,*,,2.2222222222222223
130948.0,27.0,0.0,,,0.0
4330031.0,683.0,86.0,40,46.51,12.591508052708638
119354.0,48.0,0.0,,,0.0
3830197.0,68.0,2.0,*,,2.941176470588235
730572.0,169.0,1.0,*,,0.591715976331361
116392.0,511.0,41.0,15,36.59,8.023483365949119
3130119.0,90.0,2.0,*,,2.2222222222222223
2430049.0,22.0,0.0,,,0.0
1995430.0,52.0,0.0,,,0.0
6114011.0,66.0,1.0,*,,1.5151515151515151
102236.0,471.0,463.0,110,23.76,98.30148619957538
125450.0,382.0,110.0,20,18.18,28.79581151832461
3333192.0,517.0,45.0,9,20.0,8.704061895551257
131979.0,81.0,0.0,,,0.0
1934231.0,176.0,60.0,6,10.0,34.090909090909086
125401.0,116.0,0.0,,,0.0
133116.0,113.0,0.0,,,0.0
127209.0,179.0,0.0,,,0.0
129742.0,133.0,0.0,,,0.0
135103.0,30.0,3.0,*,,10.0
134312.0,78.0,0.0,,,0.0
133934.0,78.0,9.0,*,,11.538461538461538
132506.0,116.0,14.0,*,,12.068965517241379
120394.0,94.0,7.0,*,,7.446808510638298
1995869.0,131.0,54.0,44,81.48,41.221374045801525
107011.0,84.0,36.0,10,27.78,42.857142857142854
121509.0,16.0,0.0,,,0.0
120600.0,71.0,0.0,,,0.0
3030152.0,533.0,139.0,127,91.37,26.07879924953096
134270.0,497.0,111.0,103,92.79,22.334004024144868
106351.0,43.0,2.0,*,,4.651162790697675
121426.0,24.0,0.0,,,0.0
1030287.0,109.0,0.0,,,0.0
1933381.0,581.0,269.0,56,20.82,46.29948364888124
110593.0,577.0,88.0,54,61.36,15.251299826689774
4333639.0,267.0,7.0,*,,2.6217228464419478
134668.0,885.0,132.0,90,68.18,14.915254237288137
1935865.0,510.0,51.0,18,35.29,10.0
4133393.0,260.0,19.0,9,47.37,7.307692307692308
4830147.0,380.0,44.0,13,29.55,11.578947368421053
1937564.0,513.0,51.0,42,82.35,9.941520467836257
121418.0,46.0,12.0,*,,26.08695652173913
1933118.0,402.0,11.0,*,,2.736318407960199
119040.0,349.0,25.0,16,64.0,7.163323782234957
3434768.0,537.0,70.0,47,67.14,13.03538175046555
110759.0,232.0,59.0,33,55.93,25.43103448275862
134452.0,310.0,38.0,29,76.32,12.258064516129032
733659.0,197.0,15.0,0,0.0,7.614213197969544
3033115.0,654.0,55.0,35,63.64,8.409785932721713
1939941.0,463.0,32.0,14,43.75,6.911447084233262
1932987.0,675.0,44.0,26,59.09,6.518518518518518
1933647.0,314.0,43.0,8,18.6,13.694267515923567
5030283.0,511.0,52.0,32,61.54,10.176125244618394
132233.0,78.0,4.0,*,,5.128205128205128
1935568.0,552.0,77.0,49,63.64,13.949275362318842
2930147.0,604.0,0.0,,,0.0
1936103.0,236.0,30.0,7,23.33,12.711864406779661
737023.0,101.0,13.0,*,,12.871287128712872
3334406.0,501.0,118.0,45,38.14,23.55289421157685
102103.0,65.0,33.0,4,12.12,50.76923076923077
1934470.0,606.0,107.0,22,20.56,17.656765676567655
121129.0,539.0,80.0,53,66.25,14.842300556586272
3731239.0,119.0,6.0,*,,5.042016806722689
3733219.0,20.0,1.0,*,,5.0
3035987.0,89.0,1.0,*,,1.1235955056179776
120758.0,466.0,424.0,45,10.61,90.98712446351931
3330412.0,383.0,98.0,27,27.55,25.587467362924283
3033057.0,651.0,18.0,7,38.89,2.7649769585253456
107094.0,100.0,8.0,*,,8.0
107078.0,86.0,1.0,*,,1.1627906976744187
107102.0,60.0,3.0,*,,5.0
107086.0,77.0,15.0,7,46.67,19.480519480519483
116343.0,48.0,0.0,,,0.0
1734359.0,124.0,18.0,7,38.89,14.516129032258066
1033430.0,382.0,38.0,18,47.37,9.947643979057592
1533538.0,113.0,20.0,13,65.0,17.699115044247787
1530435.0,257.0,0.0,,,0.0
6113286.0,25.0,2.0,*,,8.0
2732170.0,221.0,35.0,9,25.71,15.837104072398189
1933001.0,334.0,102.0,40,39.22,30.538922155688624
118851.0,87.0,17.0,0,0.0,19.54022988505747
136556.0,75.0,0.0,,,0.0
1033695.0,246.0,41.0,26,63.41,16.666666666666664
124727.0,19.0,0.0,,,0.0
114421.0,144.0,108.0,58,53.7,75.0
127530.0,53.0,50.0,20,40.0,94.33962264150944
116889.0,112.0,100.0,40,40.0,89.28571428571429
132571.0,22.0,2.0,*,,9.090909090909092
1933399.0,128.0,36.0,25,69.44,28.125
1934611.0,346.0,138.0,130,94.2,39.884393063583815
3731007.0,523.0,248.0,207,83.47,47.41873804971319
3030483.0,24.0,0.0,,,0.0
3033362.0,539.0,59.0,39,66.1,10.946196660482375
3733508.0,339.0,112.0,106,94.64,33.03834808259587
1934728.0,468.0,42.0,29,69.05,8.974358974358974
1934801.0,254.0,41.0,25,60.98,16.141732283464567
3033578.0,561.0,199.0,159,79.9,35.47237076648842
3330669.0,618.0,62.0,30,48.39,10.032362459546926
1934868.0,609.0,70.0,49,70.0,11.494252873563218
3330008.0,418.0,61.0,15,24.59,14.5933014354067
5430327.0,43.0,0.0,,,0.0
3030335.0,235.0,0.0,,,0.0
3033610.0,224.0,1.0,*,,0.4464285714285714
3033206.0,294.0,165.0,149,90.3,56.12244897959183
3430592.0,451.0,85.0,61,71.76,18.8470066518847
3030244.0,374.0,66.0,54,81.82,17.647058823529413
1931716.0,26.0,0.0,,,0.0
107920.0,387.0,92.0,30,32.61,23.772609819121445
1934678.0,743.0,38.0,22,57.89,5.114401076716016
1995844.0,575.0,45.0,19,42.22,7.82608695652174
108928.0,112.0,0.0,,,0.0
3430352.0,64.0,0.0,,,0.0
733725.0,367.0,128.0,107,83.59,34.87738419618528
434803.0,218.0,14.0,*,,6.422018348623854
1833805.0,188.0,27.0,15,55.56,14.361702127659576
116376.0,321.0,32.0,17,53.13,9.968847352024921
4330668.0,93.0,5.0,*,,5.376344086021505
1033950.0,47.0,8.0,*,,17.02127659574468
1934926.0,553.0,28.0,5,17.86,5.063291139240507
2332260.0,27.0,1.0,*,,3.7037037037037033
2433001.0,95.0,33.0,4,12.12,34.73684210526316
3830411.0,75.0,26.0,2,7.69,34.66666666666667
108670.0,140.0,134.0,39,29.1,95.71428571428572
101477.0,149.0,148.0,18,12.16,99.32885906040269
106799.0,54.0,5.0,*,,9.25925925925926
138073.0,43.0,0.0,,,0.0
2730240.0,40.0,0.0,,,0.0
1932532.0,71.0,4.0,*,,5.633802816901409
118075.0,141.0,0.0,,,0.0
4330239.0,415.0,133.0,120,90.23,32.04819277108434
4333522.0,454.0,164.0,148,90.24,36.12334801762114
1635606.0,410.0,81.0,28,34.57,19.75609756097561
110205.0,59.0,3.0,*,,5.084745762711865
100602.0,143.0,105.0,27,25.71,73.42657342657343
1935048.0,415.0,33.0,4,12.12,7.951807228915662
2030203.0,138.0,17.0,12,70.59,12.318840579710146
1530476.0,540.0,60.0,42,70.0,11.11111111111111
733980.0,610.0,82.0,55,67.07,13.442622950819672
4330502.0,190.0,0.0,,,0.0
119131.0,315.0,32.0,23,71.88,10.158730158730158
130575.0,65.0,27.0,13,48.15,41.53846153846154
115725.0,59.0,36.0,4,11.11,61.016949152542374
108944.0,64.0,0.0,,,0.0
3833241.0,519.0,112.0,64,57.14,21.57996146435453
114025.0,364.0,81.0,13,16.05,22.252747252747252
3134657.0,414.0,57.0,38,66.67,13.768115942028986
3933801.0,676.0,59.0,43,72.88,8.727810650887575
126516.0,144.0,88.0,8,9.09,61.111111111111114
126524.0,141.0,37.0,10,27.03,26.24113475177305
126532.0,122.0,61.0,4,6.56,50.0
3933959.0,151.0,33.0,13,39.39,21.85430463576159
5830013.0,214.0,19.0,8,42.11,8.878504672897195
5432414.0,250.0,9.0,*,,3.5999999999999996
6119119.0,80.0,18.0,14,77.78,22.5
1995406.0,336.0,25.0,2,8.0,7.440476190476191
5135256.0,129.0,33.0,12,36.36,25.581395348837212
4333951.0,261.0,32.0,20,62.5,12.260536398467432
134536.0,437.0,99.0,80,80.81,22.65446224256293
2433605.0,291.0,51.0,17,33.33,17.525773195876287
3033784.0,482.0,53.0,13,24.53,10.995850622406639
3934783.0,508.0,121.0,77,63.64,23.818897637795274
4233060.0,342.0,14.0,*,,4.093567251461988
1434901.0,16.0,1.0,*,,6.25
135756.0,22.0,0.0,,,0.0
3033917.0,758.0,262.0,214,81.68,34.56464379947229
1935246.0,411.0,30.0,18,60.0,7.2992700729927
4334116.0,525.0,168.0,153,91.07,32.0
3033933.0,416.0,163.0,41,25.15,39.18269230769231
110304.0,47.0,11.0,*,,23.404255319148938
1932847.0,210.0,61.0,56,91.8,29.04761904761905
117747.0,108.0,17.0,10,58.82,15.74074074074074
109942.0,51.0,2.0,*,,3.9215686274509802
1996610.0,44.0,0.0,,,0.0
1935352.0,242.0,9.0,*,,3.71900826446281
2434207.0,303.0,19.0,8,42.11,6.270627062706271
4334371.0,544.0,187.0,179,95.72,34.375
3631058.0,763.0,149.0,106,71.14,19.528178243774576
3833407.0,678.0,244.0,219,89.75,35.9882005899705
1735000.0,121.0,14.0,*,,11.570247933884298
4634259.0,19.0,3.0,*,,15.789473684210526
126748.0,111.0,99.0,4,4.04,89.1891891891892
3630563.0,36.0,0.0,,,0.0
130856.0,102.0,22.0,2,9.09,21.568627450980394
3431012.0,449.0,62.0,12,19.35,13.808463251670378
4334421.0,415.0,172.0,165,95.93,41.445783132530124
1935436.0,473.0,92.0,18,19.57,19.45031712473573
3731304.0,153.0,0.0,,,0.0
2035707.0,467.0,128.0,47,36.72,27.40899357601713
110965.0,621.0,141.0,18,12.77,22.705314009661837
3733698.0,221.0,39.0,16,41.03,17.647058823529413
6066450.0,93.0,8.0,*,,8.60215053763441
3034204.0,419.0,9.0,*,,2.1479713603818613
6119945.0,69.0,0.0,,,0.0
115212.0,41.0,13.0,*,,31.70731707317073
115030.0,50.0,4.0,*,,8.0
117622.0,43.0,4.0,*,,9.30232558139535
130765.0,34.0,3.0,*,,8.823529411764707
138081.0,33.0,0.0,,,0.0
114470.0,83.0,20.0,10,50.0,24.096385542168676
1995737.0,157.0,36.0,28,77.78,22.929936305732486
2630010.0,98.0,19.0,15,78.95,19.387755102040817
3930328.0,4.0,1.0,*,,25.0
3935103.0,372.0,16.0,9,56.25,4.301075268817205
1935519.0,377.0,80.0,5,6.25,21.220159151193634
3733953.0,417.0,55.0,21,38.18,13.189448441247004
109538.0,357.0,68.0,10,14.71,19.047619047619047
4930244.0,352.0,81.0,76,93.83,23.011363636363637
1533843.0,22.0,0.0,,,0.0
111435.0,145.0,11.0,*,,7.586206896551724
3034410.0,622.0,84.0,69,82.14,13.504823151125404
2235356.0,134.0,16.0,8,50.0,11.940298507462686
1934553.0,579.0,91.0,81,89.01,15.716753022452504
3830403.0,104.0,23.0,4,17.39,22.115384615384613
1931674.0,269.0,50.0,36,72.0,18.587360594795538
3330859.0,759.0,148.0,103,69.59,19.499341238471672
5830138.0,56.0,1.0,*,,1.7857142857142856
5835202.0,173.0,22.0,8,36.36,12.716763005780345
126136.0,155.0,148.0,28,18.92,95.48387096774194
122333.0,104.0,66.0,21,31.82,63.46153846153846
137562.0,20.0,0.0,,,0.0
123356.0,7.0,1.0,*,,14.285714285714285
634758.0,29.0,0.0,,,0.0
1935618.0,452.0,24.0,19,79.17,5.3097345132743365
109462.0,249.0,26.0,5,19.23,10.441767068273093
135855.0,90.0,5.0,*,,5.555555555555555
110189.0,77.0,45.0,5,11.11,58.44155844155844
1534155.0,203.0,16.0,4,25.0,7.8817733990147785
1235209.0,143.0,9.0,*,,6.293706293706294
1034214.0,366.0,51.0,6,11.76,13.934426229508196
2333185.0,44.0,8.0,*,,18.181818181818183
1030493.0,223.0,82.0,7,8.54,36.771300448430495
4133716.0,644.0,133.0,107,80.45,20.652173913043477
2435204.0,400.0,52.0,22,42.31,13.0
106518.0,19.0,0.0,,,0.0
3930302.0,481.0,65.0,20,30.77,13.513513513513514
3430048.0,211.0,27.0,10,37.04,12.796208530805686
129221.0,13.0,2.0,*,,15.384615384615385
100701.0,37.0,0.0,,,0.0
730291.0,72.0,21.0,11,52.38,29.166666666666668
3030608.0,86.0,79.0,19,24.05,91.86046511627907
3930443.0,61.0,44.0,35,79.55,72.1311475409836
102913.0,88.0,26.0,8,30.77,29.545454545454547
3631090.0,67.0,47.0,17,36.17,70.1492537313433
4330593.0,28.0,0.0,,,0.0
1736008.0,119.0,11.0,*,,9.243697478991598
102392.0,128.0,10.0,*,,7.8125
125765.0,32.0,1.0,*,,3.125
130286.0,21.0,5.0,*,,23.809523809523807
1935758.0,824.0,71.0,50,70.42,8.616504854368932
4134557.0,299.0,82.0,72,87.8,27.424749163879596
4334470.0,762.0,72.0,64,88.89,9.448818897637794
125021.0,71.0,17.0,9,52.94,23.943661971830984
117010.0,36.0,14.0,*,,38.88888888888889
1935808.0,594.0,269.0,245,91.08,45.28619528619529
3435930.0,454.0,71.0,65,91.55,15.638766519823788
3730181.0,620.0,65.0,40,61.54,10.483870967741936
116400.0,563.0,13.0,*,,2.3090586145648313
734244.0,319.0,149.0,137,91.95,46.70846394984326
114389.0,81.0,0.0,,,0.0
3734431.0,226.0,51.0,25,49.02,22.566371681415927
135970.0,36.0,2.0,*,,5.555555555555555
3834082.0,324.0,98.0,16,16.33,30.246913580246915
105726.0,584.0,178.0,93,52.25,30.47945205479452
116368.0,368.0,18.0,6,33.33,4.891304347826087
135244.0,490.0,157.0,151,96.18,32.04081632653061
3034956.0,562.0,148.0,117,79.05,26.334519572953734
114439.0,50.0,0.0,,,0.0
118430.0,391.0,92.0,79,85.87,23.52941176470588
4830196.0,121.0,15.0,5,33.33,12.396694214876034
5034905.0,585.0,163.0,61,37.42,27.863247863247864
2535409.0,55.0,40.0,10,25.0,72.72727272727273
3630472.0,149.0,1.0,*,,0.6711409395973155
136259.0,36.0,27.0,2,7.41,75.0
137174.0,27.0,0.0,,,0.0
137232.0,24.0,0.0,,,0.0
137182.0,92.0,0.0,,,0.0
137190.0,160.0,0.0,,,0.0
137216.0,23.0,0.0,,,0.0
137208.0,111.0,0.0,,,0.0
137224.0,86.0,0.0,,,0.0
5432786.0,464.0,105.0,30,28.57,22.629310344827587
120493.0,22.0,1.0,*,,4.545454545454546
1935923.0,393.0,53.0,16,30.19,13.486005089058525
4334462.0,584.0,212.0,206,97.17,36.3013698630137
3633906.0,705.0,257.0,80,31.13,36.45390070921986
5630249.0,73.0,3.0,*,,4.10958904109589
3734548.0,456.0,22.0,15,68.18,4.824561403508771
3030186.0,35.0,1.0,*,,2.857142857142857
734368.0,597.0,293.0,263,89.76,49.0787269681742
1935998.0,628.0,35.0,9,25.71,5.573248407643312
2730232.0,79.0,1.0,*,,1.2658227848101267
2732808.0,348.0,45.0,26,57.78,12.931034482758621
105916.0,583.0,117.0,56,47.86,20.06861063464837
4934154.0,354.0,47.0,37,78.72,13.27683615819209
3738234.0,452.0,62.0,19,30.65,13.716814159292035
5633250.0,457.0,108.0,85,78.7,23.63238512035011
3333770.0,540.0,39.0,18,46.15,7.222222222222221
128868.0,76.0,0.0,,,0.0
1936046.0,193.0,51.0,2,3.92,26.42487046632124
4034807.0,197.0,35.0,27,77.14,17.766497461928935
3734654.0,374.0,55.0,31,56.36,14.705882352941178
3734761.0,322.0,27.0,10,37.04,8.385093167701864
3734878.0,84.0,13.0,*,,15.476190476190476
3331006.0,55.0,0.0,,,0.0
128967.0,283.0,52.0,46,88.46,18.374558303886925
530154.0,49.0,0.0,,,0.0
131250.0,23.0,1.0,*,,4.3478260869565215
1030378.0,38.0,0.0,,,0.0
4334728.0,487.0,174.0,144,82.76,35.728952772073924
1932680.0,330.0,51.0,20,39.22,15.454545454545453
3730074.0,476.0,134.0,109,81.34,28.15126050420168
734566.0,255.0,30.0,9,30.0,11.76470588235294
135319.0,459.0,38.0,22,57.89,8.278867102396514
3730751.0,30.0,7.0,*,,23.333333333333332
121657.0,15.0,0.0,,,0.0
4334900.0,307.0,14.0,*,,4.5602605863192185
4735403.0,76.0,8.0,*,,10.526315789473683
5432828.0,397.0,20.0,11,55.0,5.037783375314862
6037980.0,86.0,10.0,*,,11.627906976744185
102079.0,135.0,1.0,*,,0.7407407407407408
118794.0,574.0,151.0,80,52.98,26.306620209059233
3330529.0,572.0,142.0,96,67.61,24.825174825174827
,170.0,0.0,,,0.0
,919.0,155.0,134,86.45,16.866158868335145
,307.0,58.0,51,87.93,18.892508143322477
,820.0,227.0,166,73.13,27.682926829268297
,737.0,106.0,82,77.36,14.382632293080055
,40.0,0.0,,,0.0
,2537.0,511.0,473,92.56,20.141899881750096
,1601.0,256.0,92,35.94,15.99000624609619
,1128.0,249.0,201,80.72,22.074468085106382
,460.0,31.0,22,70.97,6.739130434782608
,1043.0,132.0,90,68.18,12.655800575263662
,3663.0,809.0,279,34.49,22.085722085722086
,231.0,116.0,110,94.83,50.21645021645021
,754.0,78.0,44,56.41,10.344827586206897
,1099.0,189.0,92,48.68,17.197452229299362
,695.0,216.0,187,86.57,31.07913669064748
,1251.0,476.0,434,91.18,38.049560351718625
,15.0,0.0,,,0.0
,290.0,37.0,29,78.38,12.758620689655173
,207.0,10.0,*,,4.830917874396135
,57.0,5.0,*,,8.771929824561402
,1175.0,137.0,99,72.26,11.659574468085106
,72.0,3.0,*,,4.166666666666666
,16.0,0.0,,,0.0
,521.0,33.0,13,39.39,6.333973128598848
,328.0,23.0,17,73.91,7.01219512195122
,175.0,15.0,9,60.0,8.571428571428571
,65.0,0.0,,,0.0
,170.0,12.0,*,,7.0588235294117645
,216.0,19.0,16,84.21,8.796296296296296
,109.0,5.0,*,,4.587155963302752
,29.0,0.0,,,0.0
,107.0,16.0,5,31.25,14.953271028037381
,87.0,5.0,*,,5.747126436781609
,771.0,153.0,107,69.93,19.844357976653697
,1408.0,539.0,487,90.35,38.28125
,1543.0,117.0,49,41.88,7.582631237848347
,104.0,5.0,*,,4.807692307692308
,123.0,13.0,*,,10.569105691056912
,2138.0,284.0,183,64.44,13.283442469597755
,349.0,42.0,31,73.81,12.034383954154727
,2145.0,323.0,241,74.61,15.058275058275058
,840.0,155.0,45,29.03,18.452380952380953
,2520.0,475.0,127,26.74,18.849206349206348
,2652.0,1077.0,969,89.97,40.61085972850679
,117.0,0.0,,,0.0
,246.0,5.0,*,,2.0325203252032518
,225.0,2.0,*,,0.8888888888888888
,25.0,0.0,,,0.0
,1609.0,403.0,322,79.9,25.04661280298322
,275.0,54.0,32,59.26,19.636363636363637
,92.0,6.0,*,,6.521739130434782
,359.0,8.0,*,,2.2284122562674096
,3305.0,479.0,358,74.74,14.493192133131618
,288.0,5.0,*,,1.7361111111111112
,211.0,10.0,*,,4.739336492890995
,4593.0,574.0,202,35.19,12.497278467232746
,276.0,41.0,26,63.41,14.855072463768115
,619.0,169.0,34,20.12,27.30210016155089
,47.0,8.0,*,,17.02127659574468
,50.0,1.0,*,,2.0
,232.0,33.0,8,24.24,14.224137931034484
,39.0,0.0,,,0.0
,850.0,62.0,27,43.55,7.294117647058823
,499.0,12.0,*,,2.404809619238477
,69.0,0.0,,,0.0
,96.0,3.0,*,,3.125
,170.0,31.0,3,9.68,18.235294117647058
,1096.0,37.0,20,54.05,3.375912408759124
,416.0,38.0,18,47.37,9.134615384615383
,234.0,82.0,7,8.54,35.04273504273504
,125.0,19.0,0,0.0,15.2
,103.0,14.0,*,,13.592233009708737
,127.0,50.0,7,14.0,39.37007874015748
,156.0,8.0,*,,5.128205128205128
,339.0,121.0,10,8.26,35.693215339233035
,91.0,0.0,,,0.0
,15.0,0.0,,,0.0
,123.0,5.0,*,,4.0650406504065035
,177.0,37.0,17,45.95,20.903954802259886
,90.0,30.0,7,23.33,33.33333333333333
,87.0,0.0,,,0.0
,424.0,49.0,43,87.76,11.556603773584905
,274.0,24.0,13,54.17,8.75912408759124
,71.0,0.0,,,0.0
,51.0,0.0,,,0.0
,51.0,9.0,*,,17.647058823529413
,34.0,2.0,*,,5.88235294117647
,347.0,23.0,16,69.57,6.628242074927954
,290.0,0.0,,,0.0
,471.0,115.0,34,29.57,24.416135881104033
,879.0,90.0,35,38.89,10.238907849829351
,91.0,19.0,9,47.37,20.87912087912088
,958.0,172.0,58,33.72,17.954070981210858
,151.0,29.0,9,31.03,19.205298013245034
,279.0,65.0,35,53.85,23.297491039426525
,49.0,6.0,*,,12.244897959183673
,361.0,0.0,,,0.0
,16.0,1.0,*,,6.25
,158.0,27.0,19,70.37,17.088607594936708
,582.0,126.0,35,27.78,21.649484536082475
,1004.0,194.0,69,35.57,19.322709163346612
,10175.0,741.0,366,49.39,7.282555282555283
,358.0,0.0,,,0.0
,143.0,31.0,3,9.68,21.678321678321677
,123.0,8.0,*,,6.504065040650407
,234.0,6.0,*,,2.564102564102564
,238.0,35.0,11,31.43,14.705882352941178
,296.0,14.0,*,,4.72972972972973
,453.0,71.0,24,33.8,15.673289183222957
,353.0,15.0,14,93.33,4.2492917847025495
,209.0,16.0,4,25.0,7.655502392344498
,61.0,0.0,,,0.0
,80.0,0.0,,,0.0
,73.0,1.0,*,,1.36986301369863
,187.0,40.0,10,25.0,21.390374331550802
,897.0,45.0,25,55.56,5.016722408026756
,75.0,0.0,,,0.0
,527.0,84.0,29,34.52,15.939278937381404
,165.0,112.0,4,3.57,67.87878787878789
,129.0,18.0,7,38.89,13.953488372093023
,211.0,16.0,6,37.5,7.5829383886255926
,88.0,2.0,*,,2.272727272727273
,154.0,11.0,*,,7.142857142857142
,83.0,18.0,4,22.22,21.686746987951807
,20.0,0.0,,,0.0
,190.0,27.0,15,55.56,14.210526315789473
,29.0,0.0,,,0.0
,30.0,0.0,,,0.0
,1236.0,245.0,90,36.73,19.82200647249191
,1663.0,216.0,172,79.63,12.988574864702345
,5657.0,339.0,150,44.25,5.992575570090153
,857.0,192.0,175,91.15,22.403733955659277
,668.0,49.0,17,34.69,7.335329341317365
,1702.0,222.0,88,39.64,13.043478260869565
,285.0,21.0,12,57.14,7.368421052631578
,953.0,31.0,23,74.19,3.2528856243441764
,424.0,91.0,78,85.71,21.462264150943398
,865.0,157.0,97,61.78,18.15028901734104
,1331.0,176.0,140,79.55,13.223140495867769
,1875.0,186.0,29,15.59,9.92
,404.0,38.0,25,65.79,9.405940594059405
,616.0,139.0,103,74.1,22.564935064935064
,1066.0,72.0,29,40.28,6.75422138836773
,556.0,148.0,95,64.19,26.618705035971225
,2147.0,135.0,91,67.41,6.2878435025617145
,405.0,59.0,31,52.54,14.5679012345679
,2308.0,302.0,141,46.69,13.084922010398614
,731.0,218.0,62,28.44,29.82216142270862
,319.0,109.0,78,71.56,34.1692789968652
,1978.0,221.0,185,83.71,11.172901921132457
,639.0,79.0,66,83.54,12.363067292644757
,113.0,10.0,*,,8.849557522123893
,112.0,112.0,49,43.75,100.0
,695.0,227.0,37,16.3,32.66187050359712
,347.0,138.0,130,94.2,39.76945244956772
,986.0,322.0,269,83.54,32.657200811359026
,126.0,96.0,19,19.79,76.19047619047619
,296.0,232.0,40,17.24,78.37837837837837
,5929.0,582.0,330,56.7,9.81615786810592
,41873.0,9336.0,2774,29.71,22.295990256251045
,1072.0,160.0,28,17.5,14.925373134328357
,473.0,53.0,16,30.19,11.20507399577167
,2333.0,276.0,75,27.17,11.830261465923703
,1403.0,171.0,56,32.75,12.188168210976478
,402.0,31.0,15,48.39,7.711442786069651
,1118.0,426.0,376,88.26,38.10375670840787
,1281.0,61.0,35,57.38,4.761904761904762
,1544.0,166.0,88,53.01,10.751295336787564
,1897.0,266.0,82,30.83,14.022140221402212
,275.0,95.0,86,90.53,34.54545454545455
,899.0,280.0,221,78.93,31.145717463848722
,370.0,93.0,78,83.87,25.135135135135133
,518.0,90.0,80,88.89,17.374517374517374
,2115.0,440.0,334,75.91,20.803782505910164
,1194.0,42.0,29,69.05,3.5175879396984926
,3048.0,390.0,167,42.82,12.795275590551181
,4252.0,748.0,585,78.21,17.591721542803388
,1361.0,795.0,57,7.17,58.41293166789126
,1459.0,113.0,64,56.64,7.74503084304318
,1186.0,119.0,58,48.74,10.03372681281619
,1424.0,316.0,276,87.34,22.191011235955056
,619.0,72.0,63,87.5,11.631663974151857
,1268.0,11.0,*,,0.8675078864353312
,610.0,269.0,245,91.08,44.09836065573771
,757.0,267.0,191,71.54,35.270805812417436
,90.0,19.0,16,84.21,21.11111111111111
,75.0,8.0,*,,10.666666666666668
,1902.0,238.0,174,73.11,12.513144058885384
,428.0,120.0,43,35.83,28.037383177570092
,14.0,8.0,*,,57.14285714285714
,65.0,33.0,3,9.09,50.76923076923077
,252.0,0.0,,,0.0
,276.0,18.0,9,50.0,6.521739130434782
,1296.0,271.0,65,23.99,20.910493827160494
,172.0,17.0,12,70.59,9.883720930232558
,154.0,32.0,17,53.13,20.77922077922078
,202.0,37.0,22,59.46,18.316831683168317
,76.0,0.0,,,0.0
,667.0,197.0,137,69.54,29.535232383808097
,634.0,140.0,91,65.0,22.082018927444793
,1233.0,412.0,374,90.78,33.41443633414436
,37.0,4.0,*,,10.81081081081081
,149.0,16.0,8,50.0,10.738255033557047
,21.0,0.0,,,0.0
,55.0,2.0,*,,3.6363636363636362
,119.0,24.0,17,70.83,20.168067226890756
,52.0,8.0,*,,15.384615384615385
,36.0,3.0,*,,8.333333333333332
,26.0,0.0,,,0.0
,525.0,23.0,16,69.57,4.380952380952381
,102.0,7.0,*,,6.862745098039216
,15.0,0.0,,,0.0
,27.0,1.0,*,,3.7037037037037033
,383.0,0.0,,,0.0
,166.0,26.0,11,42.31,15.66265060240964
,102.0,33.0,4,12.12,32.35294117647059
,815.0,58.0,25,43.1,7.116564417177915
,2577.0,379.0,117,30.87,14.707023670935197
,155.0,28.0,8,28.57,18.064516129032256
,194.0,2.0,*,,1.0309278350515463
,167.0,68.0,15,22.06,40.7185628742515
,57.0,40.0,10,25.0,70.17543859649122
,25.0,15.0,1,6.67,60.0
,291.0,0.0,,,0.0
,22.0,1.0,*,,4.545454545454546
,107.0,19.0,15,78.95,17.75700934579439
,214.0,2.0,*,,0.9345794392523363
,131.0,0.0,,,0.0
,215.0,121.0,93,76.86,56.27906976744186
,557.0,88.0,14,15.91,15.798922800718133
,854.0,90.0,50,55.56,10.53864168618267
,151.0,31.0,26,83.87,20.52980132450331
,2683.0,516.0,168,32.56,19.2322027581066
,369.0,42.0,10,23.81,11.38211382113821
,403.0,69.0,14,20.29,17.121588089330025
,191.0,63.0,11,17.46,32.98429319371728
,34.0,0.0,,,0.0
,49.0,13.0,*,,26.53061224489796
,1513.0,168.0,106,63.1,11.103767349636485
,121.0,28.0,24,85.71,23.140495867768596
,1163.0,13.0,*,,1.117798796216681
,700.0,63.0,48,76.19,9.0
,708.0,35.0,18,51.43,4.943502824858757
,5479.0,458.0,255,55.68,8.359189633144734
,506.0,121.0,109,90.08,23.91304347826087
,4805.0,1455.0,1233,84.74,30.280957336108223
,3550.0,519.0,419,80.73,14.619718309859156
,3627.0,615.0,349,56.75,16.95616211745244
,4150.0,584.0,459,78.6,14.072289156626505
,295.0,165.0,149,90.3,55.932203389830505
,1817.0,628.0,485,77.23,34.562465602641716
,2261.0,255.0,196,76.86,11.278195488721805
,2162.0,436.0,297,68.12,20.166512488436634
,4128.0,1162.0,410,35.28,28.149224806201552
,2410.0,479.0,372,77.66,19.87551867219917
,1992.0,544.0,403,74.08,27.309236947791167
,2552.0,780.0,717,91.92,30.56426332288401
,759.0,262.0,214,81.68,34.51910408432148
,34.0,3.0,*,,8.823529411764707
,109.0,2.0,*,,1.834862385321101
,46.0,12.0,*,,26.08695652173913
,1002.0,213.0,151,70.89,21.25748502994012
,2555.0,611.0,474,77.58,23.91389432485323
,303.0,78.0,66,84.62,25.742574257425744
,745.0,65.0,41,63.08,8.724832214765101
,1171.0,311.0,248,79.74,26.558497011101622
,161.0,9.0,*,,5.590062111801243
,858.0,11.0,*,,1.282051282051282
,1517.0,141.0,44,31.21,9.294660514172708
,358.0,51.0,13,25.49,14.24581005586592
,735.0,48.0,23,47.92,6.530612244897959
,4488.0,757.0,410,54.16,16.867201426024955
,2493.0,226.0,109,48.23,9.06538307260329
,1858.0,142.0,62,43.66,7.642626480086114
,1486.0,210.0,56,26.67,14.131897711978466
,113.0,18.0,13,72.22,15.929203539823009
,2481.0,227.0,73,32.16,9.149536477226924
,1777.0,232.0,63,27.16,13.05571187394485
,246.0,7.0,*,,2.8455284552845526
,2224.0,383.0,109,28.46,17.221223021582734
,3434.0,583.0,272,46.66,16.977285963890505
,859.0,34.0,8,23.53,3.958090803259604
,1244.0,204.0,36,17.65,16.39871382636656
,1608.0,169.0,67,39.64,10.509950248756219
,2453.0,629.0,416,66.14,25.642070933550755
,2168.0,459.0,288,62.75,21.171586715867157
,1641.0,41.0,14,34.15,2.4984765386959173
,343.0,0.0,,,0.0
,5228.0,919.0,570,62.02,17.578423871461364
,1617.0,259.0,219,84.56,16.017316017316016
,567.0,58.0,29,50.0,10.229276895943562
,173.0,27.0,10,37.04,15.606936416184972
,24.0,1.0,*,,4.166666666666666
,3244.0,468.0,196,41.88,14.426633785450061
,4487.0,456.0,295,64.69,10.162692221974593
,354.0,14.0,*,,3.954802259887006
,1130.0,772.0,162,20.98,68.31858407079646
,2234.0,91.0,35,38.46,4.073410922112802
,807.0,118.0,52,44.07,14.622057001239158
,75.0,5.0,*,,6.666666666666667
,673.0,13.0,*,,1.9316493313521546
,142.0,1.0,*,,0.7042253521126761
,394.0,26.0,8,30.77,6.598984771573605
,195.0,9.0,*,,4.615384615384616
,6046.0,796.0,370,46.48,13.165729407872973
,2434.0,250.0,183,73.2,10.271158586688578
,1621.0,126.0,46,36.51,7.772979642196175
,2941.0,2562.0,282,11.01,87.11322679360761
,199.0,5.0,*,,2.512562814070352
,565.0,16.0,13,81.25,2.831858407079646
,69.0,6.0,*,,8.695652173913043
,647.0,17.0,5,29.41,2.627511591962906
,1842.0,174.0,120,68.97,9.446254071661238
,1973.0,190.0,59,31.05,9.63000506842372
,239.0,26.0,19,73.08,10.87866108786611
,3558.0,480.0,124,25.83,13.490725126475548
,325.0,1.0,*,,0.3076923076923077
,1911.0,200.0,65,32.5,10.465724751439037
,739.0,61.0,40,65.57,8.254397834912043
,105.0,2.0,*,,1.9047619047619049
,560.0,57.0,34,59.65,10.178571428571429
,1986.0,255.0,91,35.69,12.83987915407855
,506.0,1.0,*,,0.1976284584980237
,867.0,62.0,30,48.39,7.151095732410612
,1086.0,82.0,42,51.22,7.550644567219153
,631.0,22.0,14,63.64,3.4865293185419968
,309.0,1.0,*,,0.3236245954692557
,228.0,21.0,6,28.57,9.210526315789473
,294.0,128.0,100,78.13,43.53741496598639
,469.0,18.0,6,33.33,3.8379530916844353
,2532.0,497.0,229,46.08,19.62875197472354
,557.0,42.0,26,61.9,7.5403949730700175
,5541.0,940.0,566,60.21,16.964446850748963
,207.0,6.0,*,,2.898550724637681
,20.0,1.0,*,,5.0
,71.0,16.0,16,100.0,22.535211267605636
,342.0,20.0,12,60.0,5.847953216374268
,2918.0,941.0,775,82.36,32.248115147361204
,476.0,81.0,54,66.67,17.016806722689076
,9418.0,1944.0,1089,56.02,20.641325122106604
,2334.0,1234.0,1108,89.79,52.870608397600684
,299.0,3.0,*,,1.0033444816053512
,7934.0,952.0,441,46.32,11.998991681371313
,2363.0,231.0,164,71.0,9.775708844688955
,913.0,258.0,203,78.68,28.258488499452355
,1628.0,207.0,100,48.31,12.714987714987716
,1534.0,422.0,265,62.8,27.509778357235987
,129.0,1.0,*,,0.7751937984496124
,314.0,50.0,25,50.0,15.92356687898089
,242.0,40.0,19,47.5,16.528925619834713
,67.0,5.0,*,,7.462686567164178
,64.0,0.0,,,0.0
,113.0,0.0,,,0.0
,78.0,0.0,,,0.0
,48.0,1.0,*,,2.083333333333333
,4399.0,1077.0,565,52.46,24.482837008411
,823.0,22.0,4,18.18,2.67314702308627
,201.0,16.0,10,62.5,7.960199004975125
,721.0,59.0,43,72.88,8.183079056865465
,177.0,33.0,13,39.39,18.64406779661017
,2471.0,474.0,261,55.06,19.18251719951437
,1925.0,124.0,73,58.87,6.441558441558441
,523.0,8.0,*,,1.5296367112810707
,405.0,46.0,37,80.43,11.358024691358025
,2734.0,354.0,116,32.77,12.948061448427211
,1515.0,160.0,84,52.5,10.561056105610561
,283.0,52.0,46,88.46,18.374558303886925
,186.0,1.0,*,,0.5376344086021506
,355.0,35.0,27,77.14,9.859154929577464
,865.0,194.0,120,61.86,22.427745664739884
,591.0,174.0,140,80.46,29.441624365482234
,18.0,2.0,*,,11.11111111111111
,203.0,69.0,50,72.46,33.99014778325123
,578.0,89.0,53,59.55,15.397923875432525
,45.0,6.0,*,,13.333333333333334
,97.0,0.0,,,0.0
,251.0,65.0,50,76.92,25.89641434262948
,94.0,4.0,*,,4.25531914893617
,1179.0,132.0,98,74.24,11.195928753180661
,21.0,2.0,*,,9.523809523809524
,2359.0,529.0,432,81.66,22.424756252649427
,2532.0,630.0,431,68.41,24.881516587677723
,682.0,41.0,31,75.61,6.011730205278592
,48.0,0.0,,,0.0
,71.0,5.0,*,,7.042253521126761
,167.0,39.0,21,53.85,23.353293413173652
,648.0,41.0,25,60.98,6.327160493827161
,145.0,49.0,40,81.63,33.793103448275865
,1949.0,243.0,93,38.27,12.467932272960493
,231.0,50.0,38,76.0,21.645021645021643
,218.0,1.0,*,,0.45871559633027525
,1669.0,395.0,283,71.65,23.666866387058118
,42.0,1.0,*,,2.380952380952381
,36.0,0.0,,,0.0
,23.0,0.0,,,0.0
,53.0,0.0,,,0.0
,915.0,102.0,49,48.04,11.147540983606557
,2023.0,403.0,324,80.4,19.9209095402867
,6785.0,777.0,423,54.44,11.451731761238024
,2761.0,872.0,822,94.27,31.58275986961246
,972.0,147.0,92,62.59,15.123456790123457
,870.0,308.0,296,96.1,35.40229885057472
,636.0,115.0,89,77.39,18.081761006289305
,1061.0,342.0,297,86.84,32.23374175306315
,1020.0,454.0,393,86.56,44.509803921568626
,2648.0,443.0,316,71.33,16.729607250755286
,1136.0,193.0,135,69.95,16.989436619718308
,829.0,72.0,64,88.89,8.685162846803378
,594.0,48.0,46,95.83,8.080808080808081
,30.0,0.0,,,0.0
,1315.0,257.0,88,34.24,19.543726235741445
,244.0,25.0,19,76.0,10.245901639344263
,862.0,177.0,112,63.28,20.533642691415313
,194.0,60.0,52,86.67,30.927835051546392
,58.0,0.0,,,0.0
,444.0,29.0,21,72.41,6.531531531531531
,86.0,21.0,9,42.86,24.418604651162788
,19.0,3.0,*,,15.789473684210526
,1308.0,115.0,96,83.48,8.792048929663608
,78.0,2.0,*,,2.564102564102564
,168.0,3.0,*,,1.7857142857142856
,23.0,3.0,*,,13.043478260869565
,84.0,1.0,*,,1.1904761904761905
,15.0,0.0,,,0.0
,150.0,29.0,14,48.28,19.333333333333332
,150.0,38.0,20,52.63,25.333333333333336
,18.0,0.0,,,0.0
,45.0,27.0,11,40.74,60.0
,181.0,0.0,,,0.0
,406.0,67.0,56,83.58,16.502463054187192
,310.0,67.0,34,50.75,21.612903225806452
,1560.0,94.0,59,62.77,6.0256410256410255
,419.0,40.0,28,70.0,9.54653937947494
,975.0,97.0,62,63.92,9.948717948717949
,994.0,71.0,22,30.99,7.142857142857142
,185.0,0.0,,,0.0
,450.0,55.0,40,72.73,12.222222222222221
,85.0,5.0,*,,5.88235294117647
,13.0,1.0,*,,7.6923076923076925
,59.0,0.0,,,0.0
,64.0,1.0,*,,1.5625
,70.0,4.0,*,,5.714285714285714
,70.0,1.0,*,,1.4285714285714286
,889.0,134.0,101,75.37,15.073115860517436
,17.0,0.0,,,0.0
,147.0,89.0,20,22.47,60.544217687074834
,1968.0,275.0,208,75.64,13.973577235772359
,293.0,47.0,31,65.96,16.040955631399317
,25.0,0.0,,,0.0
,529.0,73.0,44,60.27,13.799621928166353
,466.0,116.0,70,60.34,24.892703862660944
,158.0,36.0,29,80.56,22.78481012658228
,883.0,0.0,,,0.0
,1073.0,34.0,8,23.53,3.1686859273066172
,143.0,3.0,*,,2.097902097902098
,18.0,6.0,*,,33.33333333333333
,25.0,2.0,*,,8.0
,3858.0,511.0,262,51.27,13.245204769310522
,458.0,15.0,7,46.67,3.2751091703056767
,227.0,18.0,10,55.56,7.929515418502203
,168.0,12.0,*,,7.142857142857142
,179.0,2.0,*,,1.1173184357541899
,437.0,38.0,26,68.42,8.695652173913043
,359.0,7.0,*,,1.9498607242339834
,1240.0,105.0,68,64.76,8.46774193548387
,75.0,0.0,,,0.0
,79.0,9.0,*,,11.39240506329114
,143.0,33.0,12,36.36,23.076923076923077
,140.0,6.0,*,,4.285714285714286
,131.0,1.0,*,,0.7633587786259541
,20.0,0.0,,,0.0
,189.0,22.0,17,77.27,11.64021164021164
,78.0,9.0,*,,11.538461538461538
,972.0,116.0,71,61.21,11.934156378600823
,47.0,0.0,,,0.0
,228.0,113.0,33,29.2,49.56140350877193
,372.0,151.0,63,41.72,40.59139784946236
,36.0,0.0,,,0.0
,19.0,0.0,,,0.0
,93.0,15.0,11,73.33,16.129032258064516
,465.0,14.0,*,,3.010752688172043
,80.0,1.0,*,,1.25
,81.0,5.0,*,,6.172839506172839
,292.0,85.0,10,11.76,29.10958904109589
,293.0,9.0,*,,3.0716723549488054
,35.0,0.0,,,0.0
,1284.0,177.0,63,35.59,13.785046728971961
,2216.0,187.0,103,55.08,8.438628158844766
,216.0,46.0,8,17.39,21.296296296296298
,1665.0,283.0,88,31.1,16.996996996996998
,538.0,96.0,18,18.75,17.843866171003718
,168.0,30.0,8,26.67,17.857142857142858
,225.0,18.0,13,72.22,8.0
,34.0,0.0,,,0.0
,263.0,11.0,*,,4.182509505703422
,189.0,12.0,*,,6.349206349206349
,32.0,0.0,,,0.0
,323.0,2.0,*,,0.6191950464396285
,298.0,29.0,19,65.52,9.731543624161073
,18.0,1.0,*,,5.555555555555555
,192.0,15.0,13,86.67,7.8125
,4063.0,317.0,161,50.79,7.802116662564608
,1416.0,159.0,122,76.73,11.228813559322035
,1301.0,213.0,132,61.97,16.372021521906227
,1767.0,421.0,358,85.04,23.82569326542162
,438.0,157.0,147,93.63,35.84474885844749
,505.0,112.0,88,78.57,22.17821782178218
,429.0,126.0,44,34.92,29.37062937062937
,87.0,0.0,,,0.0
,717.0,156.0,145,92.95,21.75732217573222
,46.0,0.0,,,0.0
,563.0,54.0,23,42.59,9.591474245115453
,119.0,6.0,*,,5.042016806722689
,767.0,139.0,53,38.13,18.122555410691003
,166.0,0.0,,,0.0
,42.0,4.0,*,,9.523809523809524
,602.0,42.0,17,40.48,6.976744186046512
,167.0,18.0,10,55.56,10.778443113772456
2835601.0,432.0,59.0,36,61.02,13.657407407407407
101964.0,53.0,0.0,,,0.0
1936160.0,543.0,50.0,23,46.0,9.208103130755065
118323.0,21.0,1.0,*,,4.761904761904762
137802.0,26.0,0.0,,,0.0
3430659.0,117.0,18.0,12,66.67,15.384615384615385
3430584.0,243.0,199.0,18,9.05,81.89300411522635
112425.0,155.0,17.0,13,76.47,10.967741935483872
129585.0,153.0,6.0,*,,3.9215686274509802
119222.0,18.0,1.0,*,,5.555555555555555
3634169.0,63.0,6.0,*,,9.523809523809524
2935500.0,353.0,34.0,27,79.41,9.631728045325778
137117.0,25.0,1.0,*,,4.0
102541.0,86.0,68.0,7,10.29,79.06976744186046
120071.0,47.0,25.0,0,0.0,53.191489361702125
117911.0,42.0,3.0,*,,7.142857142857142
119685.0,85.0,3.0,*,,3.5294117647058822
128496.0,78.0,0.0,,,0.0
101881.0,43.0,3.0,*,,6.976744186046512
2830115.0,97.0,9.0,*,,9.278350515463918
111484.0,19.0,10.0,*,,52.63157894736842
6120158.0,90.0,19.0,16,84.21,21.11111111111111
130054.0,397.0,31.0,22,70.97,7.8085642317380355
5633748.0,596.0,154.0,127,82.47,25.838926174496645
3035045.0,548.0,237.0,169,71.31,43.24817518248175
4030268.0,226.0,23.0,14,60.87,10.176991150442479
1936228.0,433.0,68.0,16,23.53,15.704387990762125
3334232.0,472.0,58.0,37,63.79,12.288135593220339
5634076.0,157.0,15.0,13,86.67,9.554140127388536
3334299.0,483.0,63.0,18,28.57,13.043478260869565
138263.0,42.0,0.0,,,0.0
114264.0,38.0,0.0,,,0.0
1534775.0,404.0,16.0,8,50.0,3.9603960396039604
1936277.0,448.0,73.0,50,68.49,16.294642857142858
1936350.0,573.0,52.0,38,73.08,9.07504363001745
2730125.0,50.0,0.0,,,0.0
2730034.0,297.0,42.0,10,23.81,14.14141414141414
2930030.0,39.0,0.0,,,0.0
2733178.0,498.0,50.0,16,32.0,10.040160642570282
330050.0,17.0,0.0,,,0.0
4530309.0,53.0,0.0,,,0.0
3130010.0,103.0,32.0,26,81.25,31.06796116504854
100776.0,54.0,5.0,*,,9.25925925925926
134163.0,25.0,0.0,,,0.0
129957.0,26.0,0.0,,,0.0
137364.0,33.0,0.0,,,0.0
137372.0,20.0,0.0,,,0.0
730044.0,364.0,180.0,148,82.22,49.45054945054945
107003.0,235.0,12.0,*,,5.106382978723404
1936418.0,325.0,46.0,15,32.61,14.153846153846153
106344.0,17.0,0.0,,,0.0
3030657.0,623.0,234.0,218,93.16,37.56019261637239
1936467.0,453.0,86.0,19,22.09,18.984547461368653
121673.0,38.0,15.0,5,33.33,39.473684210526315
106567.0,98.0,42.0,11,26.19,42.857142857142854
2130045.0,13.0,2.0,*,,15.384615384615385
2132272.0,326.0,88.0,54,61.36,26.993865030674847
4335204.0,399.0,37.0,21,56.76,9.273182957393484
119115.0,570.0,154.0,58,37.66,27.017543859649123
5630132.0,377.0,152.0,143,94.08,40.318302387267906
5630256.0,41.0,5.0,*,,12.195121951219512
930081.0,592.0,201.0,181,90.05,33.9527027027027
430199.0,43.0,0.0,,,0.0
5030176.0,15.0,1.0,*,,6.666666666666667
5035654.0,350.0,37.0,26,70.27,10.571428571428571
114868.0,110.0,18.0,11,61.11,16.363636363636363
135905.0,328.0,74.0,30,40.54,22.5609756097561
115667.0,105.0,0.0,,,0.0
130617.0,85.0,6.0,*,,7.0588235294117645
3030772.0,103.0,30.0,22,73.33,29.126213592233007
136051.0,492.0,131.0,96,73.28,26.6260162601626
100065.0,81.0,53.0,12,22.64,65.4320987654321
3135308.0,482.0,74.0,62,83.78,15.352697095435685
4530051.0,43.0,0.0,,,0.0
3730967.0,31.0,2.0,*,,6.451612903225806
3030632.0,105.0,9.0,*,,8.571428571428571
110007.0,89.0,4.0,*,,4.49438202247191
3030145.0,324.0,19.0,12,63.16,5.864197530864197
4135075.0,136.0,13.0,*,,9.558823529411764
3735206.0,530.0,76.0,34,44.74,14.339622641509434
3834769.0,99.0,38.0,7,18.42,38.38383838383838
3030723.0,379.0,190.0,171,90.0,50.131926121372025
138388.0,23.0,0.0,,,0.0
138370.0,36.0,0.0,,,0.0
138362.0,42.0,1.0,*,,2.380952380952381
138396.0,53.0,0.0,,,0.0
111831.0,631.0,98.0,62,63.27,15.530903328050712
3634482.0,588.0,81.0,19,23.46,13.77551020408163
133124.0,23.0,0.0,,,0.0
1996479.0,613.0,0.0,,,0.0
6120356.0,14.0,3.0,*,,21.428571428571427
128736.0,78.0,4.0,*,,5.128205128205128
1996263.0,149.0,1.0,*,,0.6711409395973155
135087.0,239.0,0.0,,,0.0
127522.0,22.0,0.0,,,0.0
1996016.0,153.0,3.0,*,,1.9607843137254901
136648.0,165.0,1.0,*,,0.6060606060606061
120568.0,52.0,0.0,,,0.0
3430691.0,166.0,0.0,,,0.0
3630670.0,121.0,0.0,,,0.0
3731155.0,22.0,0.0,,,0.0
108092.0,122.0,33.0,2,6.06,27.049180327868854
3735313.0,497.0,101.0,24,23.76,20.321931589537222
3035409.0,396.0,7.0,*,,1.7676767676767675
133306.0,407.0,0.0,,,0.0
4930319.0,25.0,0.0,,,0.0
116434.0,145.0,49.0,40,81.63,33.793103448275865
5035902.0,216.0,18.0,10,55.56,8.333333333333332
1135656.0,166.0,37.0,17,45.95,22.289156626506024
5433230.0,237.0,85.0,10,11.76,35.86497890295359
435602.0,225.0,19.0,7,36.84,8.444444444444445
106997.0,168.0,69.0,18,26.09,41.07142857142857
101675.0,144.0,12.0,*,,8.333333333333332
3731627.0,626.0,67.0,35,52.24,10.702875399361023
118174.0,26.0,1.0,*,,3.8461538461538463
3030616.0,200.0,56.0,56,100.0,28.000000000000004
5634548.0,596.0,31.0,17,54.84,5.201342281879195
120923.0,418.0,39.0,17,43.59,9.330143540669857
109322.0,18.0,0.0,,,0.0
136416.0,47.0,0.0,,,0.0
4430229.0,56.0,2.0,*,,3.571428571428571
4430252.0,90.0,48.0,46,95.83,53.333333333333336
2733657.0,138.0,31.0,26,83.87,22.463768115942027
3634680.0,263.0,77.0,7,9.09,29.277566539923956
124248.0,52.0,13.0,*,,25.0
3731221.0,153.0,5.0,*,,3.2679738562091507
1230150.0,16.0,0.0,,,0.0
3035581.0,395.0,36.0,28,77.78,9.113924050632912
5630389.0,726.0,16.0,8,50.0,2.203856749311295
105858.0,294.0,71.0,12,16.9,24.149659863945576
1995836.0,714.0,207.0,174,84.06,28.991596638655466
3330388.0,435.0,84.0,63,75.0,19.310344827586206
3335130.0,418.0,119.0,34,28.57,28.4688995215311
125377.0,167.0,31.0,15,48.39,18.562874251497004
1936624.0,621.0,24.0,6,25.0,3.864734299516908
4335782.0,507.0,231.0,192,83.12,45.562130177514796
3335759.0,174.0,7.0,*,,4.022988505747127
3330727.0,717.0,73.0,36,49.32,10.181311018131103
6061642.0,53.0,11.0,*,,20.754716981132077
1996552.0,451.0,208.0,181,87.02,46.11973392461197
1995588.0,609.0,217.0,194,89.4,35.63218390804598
112052.0,269.0,10.0,*,,3.717472118959108
121715.0,34.0,1.0,*,,2.941176470588235
437350.0,231.0,22.0,16,72.73,9.523809523809524
1936749.0,1135.0,61.0,35,57.38,5.3744493392070485
6119556.0,23.0,4.0,*,,17.391304347826086
1034990.0,201.0,33.0,8,24.24,16.417910447761194
1936822.0,414.0,47.0,23,48.94,11.352657004830919
132019.0,15.0,1.0,*,,6.666666666666667
4035754.0,455.0,89.0,53,59.55,19.560439560439562
114777.0,97.0,0.0,,,0.0
134585.0,22.0,0.0,,,0.0
6120588.0,64.0,1.0,*,,1.5625
114157.0,539.0,37.0,15,40.54,6.8645640074211505
5036256.0,361.0,15.0,7,46.67,4.1551246537396125
124511.0,125.0,20.0,2,10.0,16.0
3335973.0,512.0,152.0,22,14.47,29.6875
4135331.0,21.0,2.0,*,,9.523809523809524
4935151.0,319.0,78.0,60,76.92,24.45141065830721
5030135.0,405.0,14.0,*,,3.45679012345679
132134.0,71.0,4.0,*,,5.633802816901409
1930650.0,545.0,89.0,19,21.35,16.3302752293578
136440.0,27.0,1.0,*,,3.7037037037037033
3130036.0,55.0,1.0,*,,1.8181818181818181
136515.0,205.0,111.0,108,97.3,54.146341463414636
4335907.0,480.0,48.0,41,85.42,10.0
635250.0,103.0,16.0,5,31.25,15.53398058252427
4935292.0,338.0,47.0,21,44.68,13.905325443786982
134254.0,38.0,0.0,,,0.0
735316.0,266.0,33.0,17,51.52,12.406015037593985
1936889.0,315.0,88.0,26,29.55,27.936507936507937
4335949.0,381.0,92.0,74,80.43,24.146981627296586
101162.0,350.0,80.0,31,38.75,22.857142857142858
102285.0,587.0,92.0,39,42.39,15.67291311754685
735407.0,716.0,155.0,45,29.03,21.648044692737432
138065.0,60.0,0.0,,,0.0
138222.0,25.0,0.0,,,0.0
137828.0,25.0,0.0,,,0.0
137836.0,22.0,1.0,*,,4.545454545454546
120584.0,10.0,1.0,*,,10.0
3135704.0,343.0,64.0,39,60.94,18.658892128279884
108753.0,556.0,162.0,137,84.57,29.136690647482016
437558.0,462.0,84.0,60,71.43,18.181818181818183
3230083.0,49.0,2.0,*,,4.081632653061225
2333649.0,30.0,3.0,*,,10.0
3735750.0,456.0,157.0,114,72.61,34.42982456140351
3030384.0,49.0,0.0,,,0.0
3336237.0,600.0,42.0,23,54.76,7.000000000000001
1936947.0,1007.0,137.0,95,69.34,13.604766633565044
1937028.0,270.0,58.0,12,20.69,21.48148148148148
936302.0,420.0,105.0,83,79.05,25.0
107755.0,202.0,38.0,25,65.79,18.81188118811881
5434113.0,435.0,88.0,30,34.09,20.229885057471265
3235603.0,35.0,2.0,*,,5.714285714285714
2330041.0,15.0,0.0,,,0.0
3735867.0,533.0,195.0,136,69.74,36.58536585365854
3731189.0,103.0,100.0,48,48.0,97.0873786407767
1136209.0,15.0,0.0,,,0.0
5430350.0,25.0,0.0,,,0.0
4336137.0,386.0,65.0,51,78.46,16.83937823834197
730259.0,175.0,1.0,*,,0.5714285714285714
3630993.0,100.0,0.0,,,0.0
125310.0,79.0,3.0,*,,3.79746835443038
109850.0,43.0,0.0,,,0.0
124487.0,141.0,13.0,*,,9.219858156028367
133298.0,58.0,52.0,8,15.38,89.65517241379311
6116750.0,89.0,83.0,20,24.1,93.25842696629213
124933.0,81.0,68.0,10,14.71,83.9506172839506
122606.0,100.0,93.0,22,23.66,93.0
133272.0,116.0,89.0,10,11.24,76.72413793103449
1933316.0,77.0,0.0,,,0.0
1937051.0,750.0,68.0,54,79.41,9.066666666666666
3236007.0,41.0,2.0,*,,4.878048780487805
119727.0,342.0,48.0,23,47.92,14.035087719298245
3735974.0,352.0,80.0,54,67.5,22.727272727272727
3336492.0,543.0,127.0,41,32.28,23.388581952117864
3035706.0,424.0,12.0,*,,2.8301886792452833
3730819.0,597.0,189.0,151,79.89,31.65829145728643
3730728.0,484.0,63.0,40,63.49,13.016528925619836
131698.0,166.0,30.0,25,83.33,18.072289156626507
4935482.0,343.0,38.0,14,36.84,11.078717201166182
3630571.0,798.0,77.0,41,53.25,9.649122807017543
1933308.0,24.0,1.0,*,,4.166666666666666
124529.0,129.0,43.0,1,2.33,33.33333333333333
1995299.0,21.0,0.0,,,0.0
127316.0,362.0,36.0,15,41.67,9.94475138121547
3330552.0,505.0,37.0,13,35.14,7.326732673267326
138552.0,65.0,0.0,,,0.0
5237201.0,320.0,151.0,63,41.72,47.1875
3630779.0,545.0,92.0,56,60.87,16.88073394495413
3635042.0,569.0,46.0,42,91.3,8.084358523725834
1937143.0,709.0,267.0,191,71.54,37.65867418899859
2330413.0,23.0,0.0,,,0.0
2132587.0,447.0,176.0,159,90.34,39.37360178970917
5434527.0,494.0,74.0,50,67.57,14.979757085020243
1035310.0,348.0,105.0,27,25.71,30.17241379310345
126292.0,34.0,31.0,5,16.13,91.17647058823529
101683.0,44.0,40.0,21,52.5,90.9090909090909
1996503.0,99.0,1.0,*,,1.0101010101010102
1937226.0,349.0,18.0,7,38.89,5.157593123209169
3630597.0,611.0,93.0,34,36.56,15.220949263502456
3035748.0,134.0,1.0,*,,0.7462686567164178
735902.0,386.0,70.0,10,14.29,18.134715025906736
1530385.0,666.0,54.0,16,29.63,8.108108108108109
3635265.0,209.0,26.0,19,73.08,12.440191387559809
3436714.0,385.0,84.0,66,78.57,21.818181818181817
3436979.0,318.0,28.0,12,42.86,8.80503144654088
5634761.0,549.0,37.0,21,56.76,6.739526411657559
122580.0,136.0,5.0,*,,3.6764705882352944
4835302.0,106.0,22.0,7,31.82,20.754716981132077
3935756.0,190.0,37.0,31,83.78,19.473684210526315
5735154.0,476.0,54.0,23,42.59,11.344537815126051
122713.0,23.0,2.0,*,,8.695652173913043
110833.0,213.0,10.0,*,,4.694835680751173
3731072.0,50.0,15.0,15,100.0,30.0
107722.0,435.0,59.0,35,59.32,13.563218390804598
5036850.0,144.0,2.0,*,,1.3888888888888888
127720.0,31.0,1.0,*,,3.225806451612903
1035575.0,124.0,50.0,7,14.0,40.32258064516129
134320.0,20.0,0.0,,,0.0
113928.0,117.0,17.0,5,29.41,14.529914529914532
131359.0,53.0,22.0,20,90.91,41.509433962264154
115709.0,14.0,3.0,*,,21.428571428571427
116384.0,304.0,54.0,21,38.89,17.763157894736842
6058002.0,144.0,14.0,*,,9.722222222222223
3130150.0,499.0,164.0,124,75.61,32.86573146292585
128561.0,42.0,3.0,*,,7.142857142857142
108225.0,438.0,62.0,26,41.94,14.15525114155251
102186.0,80.0,0.0,,,0.0
1035831.0,447.0,18.0,1,5.56,4.026845637583892
1534957.0,194.0,6.0,*,,3.0927835051546393
101923.0,147.0,89.0,20,22.47,60.544217687074834
1937481.0,511.0,51.0,40,78.43,9.980430528375733
101972.0,300.0,32.0,15,46.88,10.666666666666668
3136504.0,416.0,110.0,64,58.18,26.442307692307693
2334563.0,21.0,0.0,,,0.0
5635008.0,456.0,55.0,44,80.0,12.06140350877193
3630522.0,695.0,133.0,108,81.2,19.136690647482013
3337136.0,350.0,74.0,14,18.92,21.142857142857142
3830395.0,14.0,1.0,*,,7.142857142857142
119875.0,100.0,43.0,1,2.33,43.0
102038.0,151.0,144.0,25,17.36,95.36423841059603
3035821.0,383.0,109.0,26,23.85,28.459530026109658
127423.0,307.0,103.0,92,89.32,33.55048859934853
2837102.0,121.0,28.0,24,85.71,23.140495867768596
2734556.0,646.0,137.0,70,51.09,21.207430340557277
126037.0,119.0,26.0,12,46.15,21.84873949579832
3537008.0,744.0,118.0,52,44.07,15.86021505376344
3635844.0,321.0,71.0,22,30.99,22.118380062305295
3036001.0,808.0,310.0,264,85.16,38.366336633663366
107052.0,100.0,6.0,*,,6.0
107029.0,286.0,99.0,70,70.71,34.61538461538461
107482.0,38.0,4.0,*,,10.526315789473683
107219.0,157.0,19.0,6,31.58,12.101910828025478
3730371.0,165.0,13.0,*,,7.878787878787878
123224.0,153.0,5.0,*,,3.2679738562091507
134890.0,273.0,1.0,*,,0.3663003663003663
3737418.0,478.0,217.0,181,83.41,45.39748953974895
1937739.0,324.0,42.0,27,64.29,12.962962962962962
1937622.0,458.0,75.0,16,21.33,16.375545851528383
1937697.0,527.0,54.0,24,44.44,10.246679316888045
3636081.0,450.0,24.0,8,33.33,5.333333333333334
3337656.0,574.0,30.0,7,23.33,5.2264808362369335
6114748.0,66.0,4.0,*,,6.0606060606060606
4330676.0,214.0,0.0,,,0.0
4337200.0,234.0,5.0,*,,2.1367521367521367
3430758.0,74.0,3.0,*,,4.054054054054054
3438504.0,170.0,32.0,10,31.25,18.823529411764707
113381.0,580.0,199.0,158,79.4,34.310344827586206
137588.0,662.0,78.0,44,56.41,11.782477341389729
137810.0,346.0,48.0,15,31.25,13.872832369942195
4436754.0,139.0,20.0,15,75.0,14.388489208633093
4030250.0,33.0,1.0,*,,3.0303030303030303
4036703.0,370.0,139.0,113,81.29,37.567567567567565
3737632.0,748.0,244.0,172,70.49,32.62032085561498
4235230.0,535.0,106.0,81,76.42,19.813084112149532
2133056.0,266.0,107.0,81,75.7,40.225563909774436
1937754.0,269.0,95.0,86,90.53,35.31598513011153
4136370.0,414.0,73.0,62,84.93,17.632850241545896
115998.0,32.0,3.0,*,,9.375
3730058.0,518.0,98.0,48,48.98,18.91891891891892
1337609.0,42.0,6.0,*,,14.285714285714285
1937838.0,480.0,49.0,23,46.94,10.208333333333334
2133262.0,296.0,84.0,52,61.9,28.37837837837838
736504.0,502.0,282.0,244,86.52,56.17529880478087
3731502.0,702.0,139.0,39,28.06,19.8005698005698
1036094.0,734.0,61.0,26,42.62,8.310626702997276
3036357.0,648.0,85.0,19,22.35,13.117283950617283
4235727.0,519.0,126.0,87,69.05,24.277456647398843
4330122.0,430.0,53.0,41,77.36,12.325581395348838
117234.0,75.0,11.0,*,,14.666666666666666
136572.0,106.0,0.0,,,0.0
4437109.0,268.0,50.0,44,88.0,18.65671641791045
1937903.0,521.0,114.0,52,45.61,21.8809980806142
4236030.0,588.0,93.0,25,26.88,15.816326530612246
1938000.0,715.0,244.0,193,79.1,34.12587412587413
5635776.0,372.0,126.0,44,34.92,33.87096774193548
109843.0,113.0,18.0,13,72.22,15.929203539823009
4936803.0,458.0,87.0,71,81.61,18.995633187772924
5630322.0,252.0,26.0,26,100.0,10.317460317460316
4330023.0,529.0,67.0,54,80.6,12.665406427221171
4236345.0,220.0,50.0,38,76.0,22.727272727272727
3737905.0,420.0,47.0,26,55.32,11.190476190476192
109447.0,384.0,24.0,3,12.5,6.25
3036555.0,533.0,29.0,10,34.48,5.440900562851782
3330701.0,813.0,179.0,111,62.01,22.01722017220172
4337762.0,321.0,121.0,117,96.69,37.69470404984423
1931740.0,546.0,121.0,91,75.21,22.16117216117216
114272.0,7.0,1.0,*,,14.285714285714285
137281.0,82.0,0.0,,,0.0
137406.0,93.0,0.0,,,0.0
3036712.0,482.0,42.0,16,38.1,8.71369294605809
129411.0,12.0,1.0,*,,8.333333333333332
134981.0,18.0,0.0,,,0.0
122788.0,56.0,3.0,*,,5.357142857142857
117762.0,87.0,6.0,*,,6.896551724137931
1996693.0,75.0,8.0,*,,10.666666666666668
112029.0,104.0,10.0,*,,9.615384615384617
114546.0,58.0,2.0,*,,3.4482758620689653
115170.0,243.0,0.0,,,0.0
1030642.0,66.0,0.0,,,0.0
1930155.0,619.0,40.0,20,50.0,6.462035541195476
126540.0,138.0,46.0,13,28.26,33.33333333333333
4430211.0,192.0,60.0,52,86.67,31.25
3730884.0,542.0,203.0,183,90.15,37.45387453874539
2735348.0,276.0,34.0,15,44.12,12.318840579710146
1036672.0,425.0,12.0,*,,2.823529411764706
1030758.0,39.0,0.0,,,0.0
4136693.0,486.0,122.0,77,63.11,25.102880658436217
3730173.0,369.0,35.0,21,60.0,9.48509485094851
3630233.0,444.0,56.0,34,60.71,12.612612612612612
118885.0,528.0,34.0,7,20.59,6.4393939393939394
3630811.0,22.0,1.0,*,,4.545454545454546
1535087.0,372.0,44.0,16,36.36,11.827956989247312
4037008.0,18.0,2.0,*,,11.11111111111111
4530267.0,73.0,6.0,*,,8.21917808219178
132647.0,53.0,0.0,,,0.0
4537304.0,328.0,46.0,42,91.3,14.02439024390244
3430618.0,614.0,82.0,47,57.32,13.355048859934854
1933233.0,232.0,47.0,31,65.96,20.25862068965517
118950.0,13.0,2.0,*,,15.384615384615385
106120.0,475.0,0.0,,,0.0
131383.0,90.0,0.0,,,0.0
124834.0,44.0,1.0,*,,2.272727272727273
114355.0,78.0,0.0,,,0.0
3930310.0,333.0,35.0,26,74.29,10.51051051051051
1036938.0,91.0,14.0,*,,15.384615384615385
118919.0,175.0,10.0,*,,5.714285714285714
130708.0,26.0,0.0,,,0.0
1938166.0,429.0,108.0,34,31.48,25.174825174825177
1995653.0,143.0,0.0,,,0.0
4337903.0,592.0,50.0,41,82.0,8.445945945945946
127944.0,48.0,11.0,*,,22.916666666666664
3630274.0,84.0,2.0,*,,2.380952380952381
3630787.0,546.0,71.0,18,25.35,13.003663003663005
5636188.0,537.0,75.0,50,66.67,13.966480446927374
2131340.0,308.0,84.0,73,86.9,27.27272727272727
107110.0,18.0,0.0,,,0.0
115089.0,70.0,1.0,*,,1.4285714285714286
137943.0,398.0,66.0,33,50.0,16.582914572864322
4430179.0,16.0,1.0,*,,6.25
111872.0,86.0,34.0,21,61.76,39.53488372093023
122366.0,90.0,8.0,*,,8.88888888888889
2730190.0,374.0,69.0,14,20.29,18.449197860962567
124412.0,108.0,0.0,,,0.0
4937256.0,279.0,47.0,31,65.96,16.845878136200717
5536503.0,218.0,11.0,*,,5.045871559633028
3037090.0,410.0,68.0,51,75.0,16.585365853658537
4437406.0,269.0,81.0,50,61.73,30.111524163568777
109454.0,368.0,152.0,43,28.29,41.30434782608695
1995661.0,278.0,57.0,21,36.84,20.503597122302157
1237007.0,50.0,9.0,*,,18.0
1938307.0,528.0,224.0,52,23.21,42.42424242424242
1535392.0,508.0,31.0,9,29.03,6.102362204724409
1938356.0,550.0,139.0,116,83.45,25.272727272727273
1938372.0,401.0,17.0,10,58.82,4.239401496259352
1938455.0,369.0,93.0,78,83.87,25.203252032520325
4137279.0,292.0,20.0,14,70.0,6.8493150684931505
109793.0,140.0,6.0,*,,4.285714285714286
937805.0,239.0,54.0,32,59.26,22.594142259414227
1330133.0,513.0,116.0,32,27.59,22.612085769980506
3730124.0,482.0,73.0,21,28.77,15.145228215767634
3937406.0,368.0,18.0,5,27.78,4.891304347826087
3731262.0,511.0,125.0,94,75.2,24.46183953033268
135889.0,19.0,0.0,,,0.0
125989.0,124.0,44.0,15,34.09,35.483870967741936
1530344.0,550.0,99.0,70,70.71,18.0
120733.0,48.0,2.0,*,,4.166666666666666
119743.0,99.0,72.0,38,52.78,72.72727272727273
119784.0,159.0,0.0,,,0.0
5434931.0,78.0,11.0,*,,14.102564102564102
130179.0,23.0,5.0,*,,21.73913043478261
130724.0,58.0,0.0,,,0.0
3630746.0,429.0,21.0,13,61.9,4.895104895104895
5536750.0,84.0,12.0,*,,14.285714285714285
109009.0,81.0,5.0,*,,6.172839506172839
108191.0,556.0,512.0,79,15.43,92.08633093525181
107516.0,34.0,1.0,*,,2.941176470588235
112722.0,95.0,43.0,18,41.86,45.26315789473684
123745.0,105.0,38.0,15,39.47,36.19047619047619
127548.0,101.0,49.0,34,69.39,48.51485148514851
123794.0,96.0,31.0,15,48.39,32.29166666666667
3330362.0,132.0,0.0,,,0.0
119651.0,85.0,1.0,*,,1.1764705882352942
6061600.0,71.0,29.0,7,24.14,40.845070422535215
3037348.0,563.0,119.0,99,83.19,21.136767317939608
1030675.0,620.0,120.0,26,21.67,19.35483870967742
3737384.0,63.0,5.0,*,,7.936507936507936
3330636.0,137.0,2.0,*,,1.4598540145985401
1932383.0,230.0,48.0,4,8.33,20.869565217391305
5137500.0,171.0,22.0,17,77.27,12.865497076023392
132977.0,20.0,0.0,,,0.0
3030509.0,23.0,0.0,,,0.0
3738226.0,732.0,96.0,38,39.58,13.114754098360656
136473.0,78.0,0.0,,,0.0
130997.0,57.0,11.0,*,,19.298245614035086
1938554.0,361.0,45.0,15,33.33,12.465373961218837
124560.0,125.0,15.0,6,40.0,12.0
1938612.0,498.0,80.0,54,67.5,16.06425702811245
1030451.0,24.0,0.0,,,0.0
1535905.0,204.0,35.0,11,31.43,17.15686274509804
3138500.0,173.0,45.0,39,86.67,26.011560693641616
113159.0,386.0,28.0,7,25.0,7.253886010362693
2133692.0,376.0,145.0,135,93.1,38.56382978723404
2130078.0,45.0,7.0,*,,15.555555555555555
128462.0,142.0,1.0,*,,0.7042253521126761
129627.0,70.0,14.0,*,,20.0
4930384.0,76.0,24.0,20,83.33,31.57894736842105
1536135.0,280.0,14.0,*,,5.0
6119671.0,25.0,0.0,,,0.0
3330917.0,78.0,20.0,15,75.0,25.64102564102564
3330370.0,642.0,215.0,133,61.86,33.48909657320872
3330487.0,496.0,63.0,30,47.62,12.701612903225806
1938679.0,492.0,90.0,80,88.89,18.29268292682927
4037701.0,171.0,69.0,50,72.46,40.35087719298245
4030185.0,26.0,0.0,,,0.0
138339.0,338.0,13.0,*,,3.8461538461538463
2134005.0,300.0,56.0,39,69.64,18.666666666666668
4137535.0,208.0,23.0,19,82.61,11.057692307692307
3030756.0,668.0,259.0,209,80.69,38.772455089820355
128447.0,79.0,0.0,,,0.0
5630371.0,23.0,4.0,*,,17.391304347826086
101907.0,60.0,6.0,*,,10.0
6061964.0,125.0,97.0,27,27.84,77.60000000000001
5530043.0,28.0,0.0,,,0.0
1937424.0,306.0,68.0,9,13.24,22.22222222222222
6019475.0,73.0,11.0,*,,15.068493150684931
5031802.0,479.0,69.0,31,44.93,14.40501043841336
1934371.0,116.0,50.0,1,2.0,43.103448275862064
1930692.0,16.0,0.0,,,0.0
5637004.0,528.0,119.0,103,86.55,22.53787878787879
1996057.0,57.0,0.0,,,0.0
3934759.0,490.0,92.0,45,48.91,18.775510204081634
2134310.0,37.0,4.0,*,,10.81081081081081
1938752.0,509.0,105.0,71,67.62,20.6286836935167
3730033.0,627.0,355.0,326,91.83,56.61881977671451
3030392.0,669.0,152.0,126,82.89,22.720478325859492
3938008.0,455.0,60.0,41,68.33,13.186813186813188
1037456.0,120.0,19.0,0,0.0,15.833333333333332
5337456.0,91.0,15.0,11,73.33,16.483516483516482
124255.0,24.0,3.0,*,,12.5
3636487.0,17.0,0.0,,,0.0
3037496.0,624.0,178.0,170,95.51,28.525641025641026
5435409.0,382.0,66.0,28,42.42,17.277486910994764
5435466.0,417.0,93.0,29,31.18,22.302158273381295
4737250.0,25.0,15.0,1,6.67,60.0
5037700.0,543.0,53.0,36,67.92,9.760589318600369
3030590.0,17.0,0.0,,,0.0
3037553.0,577.0,164.0,70,42.68,28.422876949740033
3730231.0,196.0,1.0,*,,0.5102040816326531
3636743.0,172.0,5.0,*,,2.9069767441860463
119693.0,91.0,21.0,4,19.05,23.076923076923077
2335024.0,365.0,22.0,15,68.18,6.027397260273973
128280.0,34.0,1.0,*,,2.941176470588235
1933795.0,432.0,41.0,22,53.66,9.49074074074074
930164.0,259.0,48.0,32,66.67,18.53281853281853
3730314.0,459.0,115.0,101,87.83,25.054466230936818
114553.0,120.0,86.0,79,91.86,71.66666666666667
3035102.0,633.0,233.0,219,93.99,36.808846761453395
1938885.0,336.0,58.0,25,43.1,17.261904761904763
138313.0,20.0,0.0,,,0.0
106013.0,127.0,24.0,21,87.5,18.89763779527559
110064.0,164.0,43.0,24,55.81,26.21951219512195
113431.0,99.0,33.0,27,81.82,33.33333333333333
119602.0,50.0,13.0,*,,26.0
132027.0,113.0,34.0,7,20.59,30.08849557522124
3637584.0,764.0,62.0,30,48.39,8.115183246073299
136218.0,83.0,0.0,,,0.0
135590.0,186.0,0.0,,,0.0
136010.0,31.0,0.0,,,0.0
135111.0,17.0,0.0,,,0.0
1737006.0,74.0,18.0,4,22.22,24.324324324324326
124990.0,285.0,0.0,,,0.0
4837803.0,431.0,58.0,34,58.62,13.45707656612529
123190.0,62.0,0.0,,,0.0
1995802.0,714.0,163.0,129,79.14,22.829131652661065
3038023.0,663.0,173.0,95,54.91,26.09351432880845
3730066.0,565.0,85.0,67,78.82,15.04424778761062
130955.0,88.0,0.0,,,0.0
131169.0,131.0,0.0,,,0.0
136630.0,6.0,1.0,*,,16.666666666666664
4838504.0,361.0,12.0,*,,3.32409972299169
124362.0,262.0,30.0,10,33.33,11.450381679389313
3731114.0,267.0,50.0,25,50.0,18.726591760299627
3731601.0,15.0,0.0,,,0.0
5030234.0,29.0,0.0,,,0.0
3430170.0,369.0,70.0,20,28.57,18.97018970189702
3036456.0,466.0,66.0,14,21.21,14.163090128755366
137612.0,71.0,20.0,13,65.0,28.169014084507044
1530492.0,89.0,0.0,,,0.0
4930236.0,19.0,1.0,*,,5.263157894736842
3330438.0,595.0,36.0,16,44.44,6.050420168067227
127894.0,122.0,82.0,8,9.76,67.21311475409836
1938968.0,535.0,97.0,80,82.47,18.13084112149533
4838801.0,367.0,40.0,28,70.0,10.899182561307901
1995786.0,86.0,8.0,*,,9.30232558139535
6019715.0,157.0,35.0,7,20.0,22.29299363057325
1939040.0,398.0,96.0,57,59.38,24.120603015075375
5637822.0,480.0,88.0,59,67.05,18.333333333333332
730218.0,50.0,5.0,*,,10.0
3930476.0,266.0,22.0,4,18.18,8.270676691729323
1995497.0,24.0,4.0,*,,16.666666666666664
1939107.0,327.0,14.0,*,,4.281345565749235
3638012.0,425.0,39.0,8,20.51,9.176470588235293
1930429.0,39.0,4.0,*,,10.256410256410255
3038098.0,584.0,85.0,70,82.35,14.554794520547945
1996495.0,74.0,6.0,*,,8.108108108108109
130393.0,49.0,3.0,*,,6.122448979591836
2830016.0,396.0,59.0,32,54.24,14.898989898989898
109751.0,232.0,3.0,*,,1.293103448275862
120659.0,70.0,3.0,*,,4.285714285714286
3430717.0,1107.0,13.0,*,,1.1743450767841013
130435.0,20.0,0.0,,,0.0
113571.0,441.0,107.0,93,86.92,24.263038548752835
3331071.0,450.0,121.0,23,19.01,26.88888888888889
3738705.0,545.0,60.0,31,51.67,11.009174311926607
730325.0,170.0,2.0,*,,1.1764705882352942
100420.0,884.0,165.0,111,67.27,18.665158371040725
136937.0,18.0,0.0,,,0.0
130930.0,104.0,5.0,*,,4.807692307692308
109900.0,130.0,0.0,,,0.0
126300.0,15.0,0.0,,,0.0
126557.0,115.0,5.0,*,,4.3478260869565215
1030774.0,74.0,0.0,,,0.0
3830205.0,168.0,33.0,22,66.67,19.642857142857142
100750.0,98.0,7.0,*,,7.142857142857142
1939149.0,666.0,128.0,111,86.72,19.21921921921922
3430501.0,79.0,2.0,*,,2.5316455696202533
1939164.0,845.0,48.0,32,66.67,5.680473372781065
1536440.0,391.0,71.0,24,33.8,18.15856777493606
3839081.0,489.0,94.0,55,58.51,19.222903885480573
3630399.0,16.0,0.0,,,0.0
1038306.0,240.0,121.0,10,8.26,50.416666666666664
138693.0,457.0,65.0,60,92.31,14.22319474835886
5030259.0,163.0,2.0,*,,1.2269938650306749
4437901.0,455.0,110.0,20,18.18,24.175824175824175
3930427.0,108.0,5.0,*,,4.62962962962963
4738753.0,44.0,8.0,*,,18.181818181818183
1939479.0,182.0,35.0,6,17.14,19.230769230769234
114850.0,252.0,13.0,*,,5.158730158730158
3430865.0,194.0,46.0,34,73.91,23.711340206185564
1939537.0,514.0,25.0,16,64.0,4.863813229571985
1536606.0,537.0,51.0,22,43.14,9.497206703910614
1939602.0,495.0,123.0,97,78.86,24.848484848484848
3730702.0,421.0,49.0,38,77.55,11.63895486935867
1932391.0,17.0,0.0,,,0.0
6112387.0,69.0,0.0,,,0.0
102475.0,655.0,182.0,156,85.71,27.78625954198473
3330354.0,63.0,4.0,*,,6.349206349206349
4530028.0,214.0,23.0,16,69.57,10.74766355140187
3330537.0,437.0,72.0,25,34.72,16.475972540045767
120675.0,67.0,21.0,16,76.19,31.343283582089555
3038239.0,498.0,54.0,17,31.48,10.843373493975903
119487.0,119.0,32.0,23,71.88,26.89075630252101
5630116.0,547.0,146.0,126,86.3,26.691042047531994
3038445.0,628.0,48.0,30,62.5,7.643312101910828
4338505.0,354.0,71.0,60,84.51,20.056497175141246
4137790.0,395.0,28.0,25,89.29,7.088607594936709
101576.0,285.0,11.0,*,,3.8596491228070176
3731528.0,596.0,212.0,193,91.04,35.57046979865772
5838305.0,166.0,18.0,10,55.56,10.843373493975903
1931856.0,18.0,1.0,*,,5.555555555555555
107136.0,37.0,2.0,*,,5.405405405405405
1931880.0,165.0,55.0,54,98.18,33.33333333333333
108084.0,458.0,112.0,98,87.5,24.45414847161572
1939701.0,432.0,60.0,16,26.67,13.88888888888889
4830089.0,329.0,30.0,23,76.67,9.118541033434651
112367.0,45.0,6.0,*,,13.333333333333334
4335428.0,339.0,106.0,20,18.87,31.268436578171094
100081.0,668.0,52.0,21,40.38,7.784431137724551
1933902.0,540.0,110.0,91,82.73,20.37037037037037
1939925.0,229.0,14.0,*,,6.11353711790393
637504.0,78.0,5.0,*,,6.41025641025641
2335487.0,76.0,7.0,*,,9.210526315789473
4338950.0,407.0,55.0,42,76.36,13.513513513513514
1132851.0,115.0,5.0,*,,4.3478260869565215
102830.0,583.0,34.0,10,29.41,5.831903945111493
4330247.0,140.0,0.0,,,0.0
1939875.0,818.0,75.0,47,62.67,9.168704156479219
4930228.0,394.0,116.0,70,60.34,29.441624365482234
5738505.0,102.0,6.0,*,,5.88235294117647
119669.0,128.0,126.0,35,27.78,98.4375
3030285.0,616.0,174.0,153,87.93,28.246753246753247
3130176.0,537.0,132.0,110,83.33,24.581005586592177
5436282.0,151.0,30.0,8,26.67,19.867549668874172
5738802.0,343.0,59.0,22,37.29,17.20116618075802
1939859.0,317.0,68.0,11,16.18,21.451104100946374
4138053.0,441.0,106.0,75,70.75,24.03628117913832
4330015.0,420.0,13.0,*,,3.0952380952380953
737809.0,271.0,18.0,9,50.0,6.642066420664207
119404.0,448.0,104.0,83,79.81,23.214285714285715
2030013.0,135.0,33.0,19,57.58,24.444444444444443
1995794.0,75.0,0.0,,,0.0
117994.0,194.0,0.0,,,0.0
4739207.0,138.0,38.0,20,52.63,27.536231884057973
5139001.0,394.0,56.0,35,62.5,14.213197969543149
5130075.0,21.0,1.0,*,,4.761904761904762
5830112.0,102.0,0.0,,,0.0
3638509.0,628.0,61.0,40,65.57,9.713375796178344
3638616.0,314.0,11.0,*,,3.5031847133757963
3630530.0,47.0,0.0,,,0.0
,,,,,
