school_code,grade_12_total_enrollment,grade_12_test_takers,number_grade_12_test_takers_meeting_both_benchmarks,percentage_grade_12_test_takers_meeting_both_benchmarks,percentage_of_test_takers
630046.0,18.0,0.0,,,0.0
634758.0,29.0,10.0,*,,34.48275862068966
1930924.0,206.0,102.0,14,13.73,49.51456310679612
1931476.0,227.0,113.0,18,15.93,49.77973568281938
1931856.0,18.0,14.0,*,,77.77777777777779
6061451.0,166.0,106.0,36,33.96,63.85542168674698
3034956.0,562.0,190.0,132,69.47,33.80782918149466
3336955.0,114.0,17.0,2,11.76,14.912280701754385
1332501.0,91.0,27.0,5,18.52,29.67032967032967
119685.0,85.0,68.0,6,8.82,80.0
3331600.0,581.0,204.0,82,40.2,35.111876075731494
111807.0,7.0,1.0,*,,14.285714285714285
1530377.0,18.0,0.0,,,0.0
1996586.0,145.0,68.0,29,42.65,46.89655172413793
1930387.0,104.0,4.0,*,,3.8461538461538463
3335759.0,174.0,38.0,12,31.58,21.839080459770116
3630563.0,36.0,7.0,*,,19.444444444444446
3630423.0,551.0,186.0,67,36.02,33.756805807622506
6061964.0,125.0,64.0,28,43.75,51.2
1030469.0,18.0,0.0,,,0.0
1030683.0,584.0,237.0,94,39.66,40.582191780821915
127720.0,31.0,1.0,*,,3.225806451612903
108159.0,521.0,192.0,39,20.31,36.85220729366603
1938885.0,336.0,193.0,76,39.38,57.44047619047619
1996115.0,292.0,23.0,7,30.43,7.876712328767123
6120158.0,90.0,47.0,32,68.09,52.22222222222223
1934553.0,579.0,269.0,215,79.93,46.45941278065631
2935500.0,353.0,89.0,62,69.66,25.21246458923513
3035102.0,633.0,205.0,179,87.32,32.38546603475513
4137790.0,395.0,344.0,153,44.48,87.0886075949367
735316.0,266.0,249.0,58,23.29,93.60902255639097
1237007.0,50.0,13.0,*,,26.0
100081.0,668.0,166.0,46,27.71,24.850299401197603
1930213.0,454.0,83.0,8,9.64,18.28193832599119
1936749.0,1135.0,932.0,158,16.95,82.11453744493392
128561.0,42.0,2.0,*,,4.761904761904762
137109.0,78.0,0.0,,,0.0
4134557.0,299.0,147.0,126,85.71,49.163879598662206
4137279.0,292.0,86.0,51,59.3,29.45205479452055
133397.0,567.0,178.0,132,74.16,31.393298059964724
1136209.0,15.0,3.0,*,,20.0
115212.0,41.0,17.0,6,35.29,41.46341463414634
121954.0,20.0,1.0,*,,5.0
3430352.0,64.0,0.0,,,0.0
3833407.0,678.0,423.0,385,91.02,62.38938053097345
115386.0,60.0,0.0,,,0.0
130146.0,139.0,1.0,*,,0.7194244604316548
2133692.0,376.0,149.0,119,79.87,39.62765957446808
110833.0,213.0,33.0,22,66.67,15.492957746478872
132019.0,15.0,1.0,*,,6.666666666666667
107052.0,100.0,18.0,1,5.56,18.0
107078.0,86.0,25.0,11,44.0,29.069767441860467
3930476.0,266.0,77.0,18,23.38,28.947368421052634
4233029.0,26.0,0.0,,,0.0
107797.0,574.0,244.0,156,63.93,42.508710801393725
1037456.0,120.0,27.0,0,0.0,22.5
1036938.0,91.0,28.0,15,53.57,30.76923076923077
130765.0,34.0,14.0,*,,41.17647058823529
107920.0,387.0,112.0,36,32.14,28.940568475452196
3630522.0,695.0,556.0,352,63.31,80.0
3631769.0,118.0,79.0,0,0.0,66.94915254237289
3632502.0,432.0,354.0,77,21.75,81.94444444444444
934554.0,65.0,2.0,*,,3.076923076923077
1931823.0,591.0,263.0,175,66.54,44.50084602368866
122341.0,85.0,31.0,1,3.23,36.470588235294116
2434207.0,303.0,95.0,34,35.79,31.353135313531354
120568.0,52.0,17.0,5,29.41,32.69230769230769
3631082.0,565.0,202.0,46,22.77,35.75221238938053
3631090.0,67.0,50.0,23,46.0,74.6268656716418
124347.0,4.0,4.0,*,,100.0
3930237.0,450.0,173.0,100,57.8,38.44444444444444
137372.0,20.0,0.0,,,0.0
124370.0,87.0,29.0,5,17.24,33.33333333333333
1938752.0,509.0,218.0,127,58.26,42.82907662082515
127373.0,373.0,142.0,44,30.99,38.069705093833775
2435204.0,400.0,110.0,43,39.09,27.500000000000004
3432317.0,321.0,119.0,74,62.18,37.07165109034268
3730231.0,196.0,4.0,*,,2.0408163265306123
3735750.0,456.0,191.0,132,69.11,41.885964912280706
1233352.0,44.0,0.0,,,0.0
106864.0,123.0,123.0,26,21.14,100.0
107755.0,202.0,80.0,48,60.0,39.603960396039604
2032357.0,262.0,86.0,18,20.93,32.82442748091603
118950.0,13.0,2.0,*,,15.384615384615385
123620.0,78.0,0.0,,,0.0
3131851.0,125.0,51.0,28,54.9,40.8
1934082.0,351.0,100.0,69,69.0,28.49002849002849
1931963.0,354.0,65.0,9,13.85,18.361581920903955
1996057.0,57.0,0.0,,,0.0
3035821.0,383.0,321.0,64,19.94,83.81201044386422
108415.0,107.0,8.0,*,,7.476635514018691
3630407.0,445.0,108.0,16,14.81,24.269662921348313
3731007.0,523.0,183.0,145,79.23,34.990439770554495
136465.0,59.0,1.0,*,,1.694915254237288
6120588.0,64.0,3.0,*,,4.6875
4733309.0,43.0,16.0,6,37.5,37.2093023255814
5337423.0,4.0,2.0,*,,50.0
112458.0,56.0,7.0,*,,12.5
130609.0,31.0,21.0,10,47.62,67.74193548387096
1530344.0,550.0,242.0,143,59.09,44.0
129536.0,42.0,14.0,*,,33.33333333333333
1934868.0,609.0,296.0,179,60.47,48.60426929392447
117234.0,75.0,15.0,3,20.0,20.0
3030483.0,24.0,1.0,*,,4.166666666666666
138123.0,50.0,0.0,,,0.0
3630100.0,72.0,2.0,*,,2.7777777777777777
3630787.0,546.0,114.0,22,19.3,20.87912087912088
3937406.0,368.0,73.0,15,20.55,19.83695652173913
123745.0,105.0,49.0,22,44.9,46.666666666666664
128967.0,283.0,132.0,80,60.61,46.64310954063604
5430210.0,170.0,60.0,6,10.0,35.294117647058826
118497.0,83.0,68.0,16,23.53,81.92771084337349
4833000.0,304.0,60.0,14,23.33,19.736842105263158
5435409.0,382.0,130.0,58,44.62,34.031413612565444
137752.0,29.0,0.0,,,0.0
3731064.0,672.0,209.0,64,30.62,31.101190476190478
4030128.0,5.0,1.0,*,,20.0
4334371.0,544.0,204.0,182,89.22,37.5
130450.0,296.0,114.0,96,84.21,38.513513513513516
1036086.0,52.0,3.0,*,,5.769230769230769
114314.0,27.0,10.0,*,,37.03703703703704
6113286.0,25.0,0.0,,,0.0
5632849.0,491.0,402.0,63,15.67,81.87372708757637
5034905.0,585.0,235.0,99,42.13,40.17094017094017
4437109.0,268.0,112.0,84,75.0,41.7910447761194
930123.0,111.0,12.0,*,,10.81081081081081
1995885.0,12.0,1.0,*,,8.333333333333332
3030335.0,235.0,2.0,*,,0.851063829787234
3037090.0,410.0,163.0,103,63.19,39.75609756097561
3032752.0,569.0,215.0,127,59.07,37.78558875219684
137406.0,93.0,0.0,,,0.0
3434636.0,364.0,55.0,14,25.45,15.10989010989011
3735867.0,533.0,186.0,148,79.57,34.8968105065666
136630.0,6.0,1.0,*,,16.666666666666664
120402.0,61.0,8.0,*,,13.114754098360656
5030283.0,511.0,221.0,97,43.89,43.24853228962818
1535905.0,204.0,46.0,15,32.61,22.54901960784314
1930429.0,39.0,3.0,*,,7.6923076923076925
1933316.0,77.0,0.0,,,0.0
115709.0,14.0,5.0,*,,35.714285714285715
1030766.0,40.0,12.0,*,,30.0
6069157.0,91.0,1.0,*,,1.098901098901099
1996016.0,153.0,38.0,9,23.68,24.836601307189543
136531.0,13.0,2.0,*,,15.384615384615385
135244.0,490.0,149.0,142,95.3,30.408163265306122
733980.0,610.0,203.0,109,53.69,33.278688524590166
1030493.0,223.0,69.0,9,13.04,30.94170403587444
1833409.0,15.0,0.0,,,0.0
3033917.0,758.0,319.0,227,71.16,42.0844327176781
3330487.0,496.0,238.0,102,42.86,47.983870967741936
3630035.0,432.0,282.0,66,23.4,65.27777777777779
735407.0,716.0,277.0,89,32.13,38.687150837988824
124263.0,10.0,3.0,*,,30.0
3030228.0,722.0,137.0,48,35.04,18.97506925207756
3330552.0,505.0,471.0,94,19.96,93.26732673267327
120758.0,466.0,138.0,41,29.71,29.613733905579398
126748.0,111.0,42.0,7,16.67,37.83783783783784
134379.0,148.0,0.0,,,0.0
110304.0,47.0,36.0,5,13.89,76.59574468085107
1931062.0,156.0,64.0,27,42.19,41.02564102564102
1936822.0,414.0,202.0,95,47.03,48.792270531400966
134320.0,20.0,1.0,*,,5.0
3630779.0,545.0,376.0,194,51.6,68.9908256880734
3630928.0,31.0,19.0,13,68.42,61.29032258064516
3735974.0,352.0,113.0,66,58.41,32.10227272727273
730325.0,170.0,26.0,3,11.54,15.294117647058824
733659.0,197.0,129.0,2,1.55,65.48223350253807
1995588.0,609.0,260.0,225,86.54,42.69293924466338
2133056.0,266.0,110.0,78,70.91,41.35338345864661
3636743.0,172.0,29.0,13,44.83,16.86046511627907
127530.0,53.0,23.0,7,30.43,43.39622641509434
109991.0,140.0,7.0,*,,5.0
1030196.0,486.0,173.0,121,69.94,35.59670781893004
1932441.0,1050.0,396.0,184,46.46,37.714285714285715
124529.0,129.0,40.0,7,17.5,31.007751937984494
124883.0,128.0,52.0,7,13.46,40.625
2433605.0,291.0,91.0,30,32.97,31.27147766323024
106716.0,54.0,52.0,11,21.15,96.29629629629629
3330065.0,221.0,1.0,*,,0.4524886877828055
3730959.0,499.0,23.0,10,43.48,4.609218436873747
101576.0,285.0,104.0,35,33.65,36.49122807017544
532507.0,152.0,46.0,29,63.04,30.263157894736842
635250.0,103.0,21.0,3,14.29,20.388349514563107
2730034.0,297.0,110.0,30,27.27,37.03703703703704
6119119.0,80.0,0.0,,,0.0
4034807.0,197.0,49.0,37,75.51,24.873096446700508
134346.0,0.0,0.0,,,
117010.0,36.0,20.0,7,35.0,55.55555555555556
115550.0,10.0,1.0,*,,10.0
3130309.0,67.0,1.0,*,,1.4925373134328357
3430618.0,614.0,217.0,111,51.15,35.34201954397394
130948.0,27.0,0.0,,,0.0
3735313.0,497.0,127.0,38,29.92,25.553319919517104
3731262.0,511.0,219.0,142,64.84,42.857142857142854
3731536.0,35.0,14.0,*,,40.0
124255.0,24.0,4.0,*,,16.666666666666664
3032158.0,805.0,335.0,270,80.6,41.61490683229814
3333192.0,517.0,174.0,23,13.22,33.65570599613153
1030501.0,667.0,299.0,189,63.21,44.827586206896555
112706.0,329.0,22.0,7,31.82,6.68693009118541
4737250.0,25.0,3.0,*,,12.0
130864.0,32.0,6.0,*,,18.75
4330239.0,415.0,165.0,127,76.97,39.75903614457831
109751.0,232.0,11.0,*,,4.741379310344827
127084.0,32.0,3.0,*,,9.375
4430096.0,30.0,2.0,*,,6.666666666666667
5738505.0,102.0,31.0,16,51.61,30.392156862745097
5235106.0,37.0,14.0,*,,37.83783783783784
5337456.0,91.0,10.0,*,,10.989010989010989
433201.0,72.0,31.0,21,67.74,43.05555555555556
1030287.0,109.0,4.0,*,,3.669724770642202
129627.0,70.0,46.0,6,13.04,65.71428571428571
3330396.0,494.0,439.0,75,17.08,88.8663967611336
116889.0,112.0,46.0,26,56.52,41.07142857142857
130856.0,102.0,34.0,3,8.82,33.33333333333333
4330676.0,214.0,0.0,,,0.0
4330692.0,712.0,344.0,287,83.43,48.31460674157304
5434527.0,494.0,142.0,77,54.23,28.74493927125506
1530997.0,39.0,2.0,*,,5.128205128205128
131821.0,34.0,34.0,14,41.18,100.0
3036456.0,466.0,407.0,39,9.58,87.33905579399142
108837.0,154.0,10.0,*,,6.493506493506493
3430881.0,107.0,45.0,1,2.22,42.05607476635514
3730033.0,627.0,175.0,151,86.29,27.91068580542265
4037701.0,171.0,52.0,32,61.54,30.409356725146196
106344.0,17.0,0.0,,,0.0
5530076.0,14.0,8.0,*,,57.14285714285714
3738234.0,452.0,121.0,39,32.23,26.769911504424783
118430.0,391.0,182.0,124,68.13,46.547314578005114
124917.0,16.0,1.0,*,,6.25
4937256.0,279.0,91.0,50,54.95,32.61648745519714
1934470.0,606.0,463.0,44,9.5,76.4026402640264
1935428.0,136.0,1.0,*,,0.7352941176470588
1935808.0,594.0,205.0,179,87.32,34.51178451178451
118794.0,574.0,225.0,120,53.33,39.198606271777
3730793.0,84.0,1.0,*,,1.1904761904761905
4330080.0,246.0,49.0,31,63.27,19.91869918699187
5637822.0,480.0,119.0,76,63.87,24.791666666666668
3830254.0,248.0,140.0,41,29.29,56.451612903225815
133124.0,23.0,0.0,,,0.0
1931237.0,584.0,291.0,195,67.01,49.82876712328767
129882.0,18.0,2.0,*,,11.11111111111111
5130125.0,9.0,2.0,*,,22.22222222222222
136101.0,9.0,6.0,*,,66.66666666666666
134304.0,68.0,1.0,*,,1.4705882352941175
120394.0,94.0,22.0,17,77.27,23.404255319148938
137828.0,25.0,2.0,*,,8.0
430199.0,43.0,0.0,,,0.0
121509.0,16.0,6.0,*,,37.5
108555.0,63.0,60.0,32,53.33,95.23809523809523
1530435.0,257.0,0.0,,,0.0
1535392.0,508.0,152.0,37,24.34,29.92125984251969
1536606.0,537.0,122.0,31,25.41,22.71880819366853
1930353.0,20.0,2.0,*,,10.0
6019715.0,157.0,102.0,22,21.57,64.96815286624204
1931740.0,546.0,202.0,139,68.81,36.996336996337
1996321.0,104.0,51.0,43,84.31,49.03846153846153
125765.0,32.0,3.0,*,,9.375
135111.0,17.0,1.0,*,,5.88235294117647
126763.0,52.0,1.0,*,,1.9230769230769231
108944.0,64.0,43.0,13,30.23,67.1875
1333004.0,403.0,91.0,38,41.76,22.58064516129032
117622.0,43.0,25.0,3,12.0,58.139534883720934
119651.0,85.0,54.0,0,0.0,63.52941176470588
2332724.0,5.0,4.0,*,,80.0
3330131.0,65.0,0.0,,,0.0
3434792.0,70.0,1.0,*,,1.4285714285714286
730465.0,533.0,118.0,59,50.0,22.138836772983115
130930.0,104.0,5.0,*,,4.807692307692308
135103.0,30.0,3.0,*,,10.0
1734359.0,124.0,45.0,14,31.11,36.29032258064516
1735000.0,121.0,33.0,7,21.21,27.27272727272727
112367.0,45.0,32.0,32,100.0,71.11111111111111
3030152.0,533.0,168.0,144,85.71,31.51969981238274
3330743.0,722.0,287.0,161,56.1,39.75069252077562
3630399.0,16.0,1.0,*,,6.25
6115778.0,99.0,74.0,20,27.03,74.74747474747475
330050.0,17.0,0.0,,,0.0
430827.0,57.0,8.0,*,,14.035087719298245
1533843.0,22.0,6.0,*,,27.27272727272727
1531987.0,84.0,30.0,18,60.0,35.714285714285715
1932144.0,631.0,266.0,228,85.71,42.15530903328051
133603.0,0.0,0.0,,,
111435.0,145.0,78.0,31,39.74,53.79310344827586
107516.0,34.0,3.0,*,,8.823529411764707
1996305.0,113.0,25.0,12,48.0,22.123893805309734
1996529.0,95.0,47.0,10,21.28,49.473684210526315
1930486.0,6.0,1.0,*,,16.666666666666664
1930551.0,23.0,2.0,*,,8.695652173913043
1934801.0,254.0,193.0,42,21.76,75.98425196850394
1939925.0,229.0,206.0,32,15.53,89.95633187772926
3330727.0,717.0,256.0,102,39.84,35.70432357043236
530055.0,15.0,0.0,,,0.0
126292.0,34.0,22.0,6,27.27,64.70588235294117
1934611.0,346.0,170.0,156,91.76,49.13294797687861
1930692.0,16.0,5.0,*,,31.25
1931435.0,19.0,3.0,*,,15.789473684210526
1931518.0,16.0,1.0,*,,6.25
1931534.0,83.0,2.0,*,,2.4096385542168677
3631009.0,64.0,0.0,,,0.0
134452.0,310.0,124.0,68,54.84,40.0
733998.0,128.0,1.0,*,,0.78125
1833805.0,188.0,40.0,16,40.0,21.27659574468085
119636.0,164.0,47.0,10,21.28,28.65853658536585
3631587.0,50.0,3.0,*,,6.0
108670.0,140.0,106.0,51,48.11,75.71428571428571
107110.0,18.0,4.0,*,,22.22222222222222
1233402.0,183.0,56.0,27,48.21,30.601092896174865
102434.0,133.0,42.0,6,14.29,31.57894736842105
102764.0,72.0,2.0,*,,2.7777777777777777
123190.0,62.0,7.0,*,,11.29032258064516
114678.0,147.0,91.0,19,20.88,61.904761904761905
136077.0,113.0,4.0,*,,3.5398230088495577
137943.0,398.0,138.0,43,31.16,34.67336683417086
128488.0,92.0,0.0,,,0.0
2331361.0,107.0,30.0,18,60.0,28.037383177570092
3030434.0,477.0,245.0,130,53.06,51.36268343815513
3435419.0,504.0,113.0,64,56.64,22.42063492063492
137588.0,662.0,193.0,77,39.9,29.154078549848943
122374.0,94.0,41.0,2,4.88,43.61702127659575
123133.0,137.0,135.0,18,13.33,98.54014598540147
1938455.0,369.0,181.0,159,87.85,49.05149051490515
3330669.0,618.0,252.0,102,40.48,40.77669902912621
3330909.0,41.0,4.0,*,,9.75609756097561
136663.0,0.0,0.0,,,
137802.0,26.0,0.0,,,0.0
128090.0,0.0,0.0,,,
732164.0,332.0,291.0,46,15.81,87.65060240963855
1995398.0,691.0,161.0,57,35.4,23.299565846599133
1996644.0,410.0,4.0,*,,0.975609756097561
1930528.0,291.0,95.0,34,35.79,32.64604810996563
108928.0,112.0,67.0,37,55.22,59.82142857142857
3634169.0,63.0,17.0,4,23.53,26.984126984126984
118323.0,21.0,5.0,*,,23.809523809523807
3830064.0,36.0,0.0,,,0.0
3830197.0,68.0,8.0,*,,11.76470588235294
4135687.0,173.0,3.0,*,,1.7341040462427744
136572.0,106.0,0.0,,,0.0
110494.0,107.0,1.0,*,,0.9345794392523363
730259.0,175.0,1.0,*,,0.5714285714285714
1634401.0,335.0,79.0,26,32.91,23.582089552238806
1932987.0,675.0,254.0,83,32.68,37.629629629629626
1933001.0,334.0,192.0,61,31.77,57.48502994011976
1935121.0,226.0,127.0,39,30.71,56.19469026548673
1995810.0,433.0,204.0,146,71.57,47.11316397228637
136648.0,165.0,38.0,3,7.89,23.03030303030303
2831758.0,45.0,16.0,3,18.75,35.55555555555556
130096.0,498.0,179.0,151,84.36,35.9437751004016
126482.0,121.0,50.0,4,8.0,41.32231404958678
126540.0,138.0,78.0,23,29.49,56.52173913043478
3038098.0,584.0,489.0,207,42.33,83.73287671232876
3337136.0,350.0,113.0,27,23.89,32.285714285714285
4836003.0,221.0,0.0,,,0.0
4632303.0,2.0,0.0,,,0.0
930073.0,76.0,12.0,*,,15.789473684210526
114157.0,539.0,201.0,76,37.81,37.291280148423006
3732997.0,489.0,201.0,53,26.37,41.104294478527606
3733698.0,221.0,82.0,21,25.61,37.10407239819005
119602.0,50.0,26.0,16,61.54,52.0
5430301.0,24.0,11.0,*,,45.83333333333333
136010.0,31.0,0.0,,,0.0
4335204.0,399.0,148.0,66,44.59,37.092731829573935
4337903.0,592.0,268.0,181,67.54,45.27027027027027
4030557.0,503.0,131.0,83,63.36,26.043737574552683
4334462.0,584.0,197.0,191,96.95,33.73287671232877
114348.0,144.0,0.0,,,0.0
4934154.0,354.0,98.0,60,61.22,27.683615819209038
4330122.0,430.0,171.0,101,59.06,39.76744186046511
107136.0,37.0,20.0,10,50.0,54.054054054054056
4132817.0,223.0,77.0,44,57.14,34.52914798206278
4332110.0,138.0,2.0,*,,1.4492753623188406
4930319.0,25.0,3.0,*,,12.0
138263.0,42.0,0.0,,,0.0
110593.0,577.0,199.0,103,51.76,34.48873483535528
5630132.0,377.0,155.0,138,89.03,41.11405835543766
137174.0,27.0,1.0,*,,3.7037037037037033
137216.0,23.0,0.0,,,0.0
5035902.0,216.0,66.0,21,31.82,30.555555555555557
3933959.0,151.0,33.0,14,42.42,21.85430463576159
135590.0,186.0,1.0,*,,0.5376344086021506
106013.0,127.0,72.0,61,84.72,56.69291338582677
4537304.0,328.0,69.0,56,81.16,21.036585365853657
5130075.0,21.0,1.0,*,,4.761904761904762
737809.0,271.0,85.0,28,32.94,31.365313653136536
101196.0,120.0,73.0,6,8.22,60.83333333333333
105916.0,583.0,245.0,99,40.41,42.02401372212693
3732732.0,578.0,238.0,148,62.18,41.17647058823529
3737905.0,420.0,112.0,67,59.82,26.666666666666668
119578.0,88.0,38.0,30,78.95,43.18181818181818
113118.0,766.0,270.0,244,90.37,35.24804177545692
110668.0,28.0,2.0,*,,7.142857142857142
111484.0,19.0,9.0,*,,47.368421052631575
112052.0,269.0,142.0,10,7.04,52.78810408921933
2134005.0,300.0,126.0,71,56.35,42.0
2134419.0,45.0,3.0,*,,6.666666666666667
102038.0,151.0,85.0,13,15.29,56.29139072847682
107177.0,218.0,168.0,20,11.9,77.06422018348624
5037700.0,543.0,171.0,81,47.37,31.491712707182316
1930361.0,344.0,95.0,33,34.74,27.61627906976744
101659.0,37.0,33.0,2,6.06,89.1891891891892
2035707.0,467.0,71.0,25,35.21,15.203426124197003
3030616.0,200.0,113.0,106,93.81,56.49999999999999
3033057.0,651.0,199.0,42,21.11,30.568356374807987
3033784.0,482.0,129.0,47,36.43,26.763485477178424
3036712.0,482.0,114.0,50,43.86,23.651452282157674
3030640.0,476.0,203.0,147,72.41,42.64705882352941
3132453.0,410.0,165.0,115,69.7,40.243902439024396
132100.0,50.0,0.0,,,0.0
730598.0,219.0,208.0,76,36.54,94.97716894977168
735902.0,386.0,322.0,40,12.42,83.41968911917098
108407.0,562.0,185.0,18,9.73,32.91814946619217
111872.0,86.0,66.0,42,63.64,76.74418604651163
1931732.0,377.0,2.0,*,,0.5305039787798408
1933449.0,266.0,91.0,38,41.76,34.21052631578947
109462.0,249.0,109.0,9,8.26,43.77510040160642
1996552.0,451.0,179.0,140,78.21,39.689578713968956
1936756.0,142.0,68.0,0,0.0,47.88732394366197
136069.0,37.0,5.0,*,,13.513513513513514
128421.0,10.0,0.0,,,0.0
111799.0,42.0,16.0,4,25.0,38.095238095238095
126490.0,93.0,40.0,0,0.0,43.01075268817204
2431203.0,159.0,43.0,7,16.28,27.044025157232703
2430114.0,167.0,82.0,14,17.07,49.101796407185624
3035748.0,134.0,77.0,0,0.0,57.46268656716418
531509.0,189.0,37.0,26,70.27,19.576719576719576
116640.0,17.0,0.0,,,0.0
1035310.0,348.0,100.0,35,35.0,28.735632183908045
1930940.0,14.0,1.0,*,,7.142857142857142
1931450.0,31.0,14.0,*,,45.16129032258064
2730885.0,182.0,54.0,8,14.81,29.67032967032967
3730447.0,36.0,14.0,*,,38.88888888888889
125401.0,116.0,1.0,*,,0.8620689655172413
111831.0,631.0,319.0,221,69.28,50.55467511885895
3731502.0,702.0,195.0,76,38.97,27.77777777777778
112128.0,118.0,61.0,10,16.39,51.69491525423729
100677.0,90.0,63.0,42,66.67,70.0
112714.0,235.0,7.0,*,,2.9787234042553195
3030756.0,668.0,250.0,189,75.6,37.4251497005988
1034214.0,366.0,57.0,9,15.79,15.573770491803279
132969.0,65.0,43.0,18,41.86,66.15384615384615
2730240.0,40.0,1.0,*,,2.5
3436979.0,318.0,283.0,78,27.56,88.9937106918239
116707.0,113.0,42.0,5,11.9,37.16814159292036
3630746.0,429.0,108.0,39,36.11,25.174825174825177
125328.0,61.0,19.0,11,57.89,31.147540983606557
107524.0,19.0,0.0,,,0.0
734244.0,319.0,105.0,93,88.57,32.9153605015674
1632207.0,169.0,49.0,16,32.65,28.994082840236686
1932623.0,904.0,306.0,199,65.03,33.849557522123895
1932920.0,361.0,200.0,85,42.5,55.4016620498615
1933233.0,232.0,130.0,74,56.92,56.03448275862068
134619.0,19.0,0.0,,,0.0
126243.0,31.0,17.0,10,58.82,54.83870967741935
3732849.0,599.0,188.0,92,48.94,31.385642737896497
130625.0,53.0,25.0,0,0.0,47.16981132075472
1530112.0,210.0,0.0,,,0.0
1534775.0,404.0,104.0,26,25.0,25.742574257425744
1932698.0,112.0,1.0,*,,0.8928571428571428
127803.0,33.0,3.0,*,,9.090909090909092
1995653.0,143.0,0.0,,,0.0
102475.0,655.0,293.0,238,81.23,44.732824427480914
1934421.0,308.0,2.0,*,,0.6493506493506493
1996263.0,149.0,18.0,6,33.33,12.080536912751679
3932100.0,525.0,170.0,28,16.47,32.38095238095238
125617.0,41.0,0.0,,,0.0
4837803.0,431.0,189.0,107,56.61,43.851508120649655
737023.0,101.0,38.0,18,47.37,37.62376237623762
1995794.0,75.0,11.0,*,,14.666666666666666
109538.0,357.0,105.0,18,17.14,29.411764705882355
1930122.0,78.0,3.0,*,,3.8461538461538463
126219.0,88.0,0.0,,,0.0
3030285.0,616.0,229.0,198,86.46,37.17532467532468
102079.0,135.0,6.0,*,,4.444444444444445
5030234.0,29.0,7.0,*,,24.137931034482758
833004.0,203.0,71.0,30,42.25,34.97536945812808
136200.0,25.0,0.0,,,0.0
1931187.0,586.0,230.0,164,71.3,39.249146757679185
138362.0,42.0,3.0,*,,7.142857142857142
4530309.0,53.0,0.0,,,0.0
124560.0,125.0,88.0,15,17.05,70.39999999999999
2430601.0,474.0,119.0,31,26.05,25.105485232067508
3032000.0,325.0,89.0,26,29.21,27.384615384615387
3330537.0,437.0,338.0,55,16.27,77.34553775743707
3430394.0,15.0,3.0,*,,20.0
3430758.0,74.0,5.0,*,,6.756756756756757
930081.0,592.0,256.0,218,85.16,43.24324324324324
122358.0,79.0,35.0,3,8.57,44.303797468354425
3330388.0,435.0,136.0,87,63.97,31.264367816091955
6061832.0,13.0,12.0,*,,92.3076923076923
3330024.0,434.0,192.0,55,28.65,44.23963133640553
136432.0,190.0,8.0,*,,4.2105263157894735
4335428.0,339.0,133.0,33,24.81,39.233038348082594
116590.0,109.0,75.0,36,48.0,68.80733944954129
102368.0,292.0,163.0,114,69.94,55.821917808219176
5630249.0,73.0,3.0,*,,4.10958904109589
6119275.0,10.0,1.0,*,,10.0
3731601.0,15.0,0.0,,,0.0
123349.0,28.0,10.0,*,,35.714285714285715
135756.0,22.0,3.0,*,,13.636363636363635
6010763.0,7.0,2.0,*,,28.57142857142857
1935899.0,62.0,3.0,*,,4.838709677419355
4337200.0,234.0,35.0,11,31.43,14.957264957264957
107300.0,67.0,41.0,6,14.63,61.19402985074627
3830031.0,85.0,1.0,*,,1.1764705882352942
119503.0,86.0,42.0,5,11.9,48.837209302325576
126722.0,65.0,33.0,4,12.12,50.76923076923077
4133716.0,644.0,194.0,130,67.01,30.124223602484474
121129.0,539.0,193.0,88,45.6,35.80705009276438
5633250.0,457.0,121.0,85,70.25,26.477024070021884
117721.0,84.0,63.0,3,4.76,75.0
1938000.0,715.0,287.0,195,67.94,40.13986013986014
2330363.0,6.0,1.0,*,,16.666666666666664
136978.0,11.0,0.0,,,0.0
4437901.0,455.0,134.0,32,23.88,29.450549450549453
5139001.0,394.0,77.0,40,51.95,19.543147208121827
118653.0,76.0,2.0,*,,2.631578947368421
112508.0,117.0,62.0,21,33.87,52.991452991452995
2134310.0,37.0,27.0,6,22.22,72.97297297297297
107086.0,77.0,33.0,15,45.45,42.857142857142854
4233060.0,342.0,19.0,11,57.89,5.555555555555555
124669.0,28.0,0.0,,,0.0
131185.0,31.0,0.0,,,0.0
132761.0,40.0,7.0,*,,17.5
1933530.0,547.0,177.0,108,61.02,32.35831809872029
1995497.0,24.0,4.0,*,,16.666666666666664
132282.0,79.0,5.0,*,,6.329113924050633
1931567.0,214.0,46.0,3,6.52,21.49532710280374
3030723.0,379.0,152.0,123,80.92,40.105540897097626
3036357.0,648.0,551.0,58,10.53,85.03086419753086
133090.0,37.0,5.0,*,,13.513513513513514
731380.0,482.0,218.0,155,71.1,45.22821576763486
1034990.0,201.0,51.0,11,21.57,25.37313432835821
136499.0,19.0,0.0,,,0.0
1036094.0,734.0,320.0,110,34.38,43.596730245231605
1932250.0,19.0,1.0,*,,5.263157894736842
1933241.0,279.0,84.0,11,13.1,30.107526881720432
1934454.0,87.0,27.0,5,18.52,31.03448275862069
129411.0,12.0,6.0,*,,50.0
6114748.0,66.0,65.0,16,24.62,98.48484848484848
3330354.0,63.0,31.0,4,12.9,49.2063492063492
3630803.0,319.0,44.0,19,43.18,13.793103448275861
136515.0,205.0,64.0,57,89.06,31.21951219512195
1938372.0,401.0,381.0,113,29.66,95.01246882793018
3030368.0,139.0,10.0,*,,7.194244604316546
3632221.0,631.0,232.0,69,29.74,36.76703645007924
124396.0,108.0,47.0,9,19.15,43.51851851851852
124404.0,62.0,23.0,1,4.35,37.096774193548384
124503.0,103.0,23.0,7,30.43,22.330097087378643
124511.0,125.0,37.0,3,8.11,29.599999999999998
3035045.0,548.0,127.0,82,64.57,23.175182481751825
3430048.0,211.0,62.0,20,32.26,29.383886255924168
3435930.0,454.0,150.0,133,88.67,33.03964757709251
3733508.0,339.0,139.0,108,77.7,41.00294985250738
130583.0,654.0,259.0,217,83.78,39.60244648318042
116384.0,304.0,113.0,34,30.09,37.17105263157895
126516.0,144.0,64.0,9,14.06,44.44444444444444
2030104.0,14.0,0.0,,,0.0
3130010.0,103.0,39.0,28,71.79,37.86407766990291
116897.0,580.0,285.0,191,67.02,49.137931034482754
1934231.0,176.0,76.0,3,3.95,43.18181818181818
136960.0,15.0,0.0,,,0.0
1230010.0,1.0,0.0,,,0.0
109322.0,18.0,0.0,,,0.0
3130200.0,51.0,1.0,*,,1.9607843137254901
6112254.0,79.0,2.0,*,,2.5316455696202533
3638616.0,314.0,73.0,34,46.58,23.248407643312103
119875.0,100.0,47.0,3,6.38,47.0
118521.0,18.0,0.0,,,0.0
1934926.0,553.0,220.0,46,20.91,39.78300180831826
1936772.0,160.0,0.0,,,0.0
109850.0,43.0,8.0,*,,18.6046511627907
108092.0,122.0,46.0,7,15.22,37.704918032786885
112698.0,35.0,3.0,*,,8.571428571428571
1931484.0,24.0,0.0,,,0.0
1931526.0,334.0,92.0,20,21.74,27.54491017964072
1939149.0,666.0,387.0,303,78.29,58.108108108108105
3030061.0,559.0,189.0,120,63.49,33.810375670840784
3336492.0,543.0,224.0,70,31.25,41.25230202578269
3530060.0,75.0,21.0,10,47.62,28.000000000000004
3731627.0,626.0,328.0,182,55.49,52.39616613418531
134270.0,497.0,179.0,152,84.92,36.016096579476866
133983.0,0.0,0.0,,,
3631058.0,763.0,367.0,234,63.76,48.099606815203146
127423.0,307.0,149.0,117,78.52,48.534201954397396
4332904.0,501.0,183.0,170,92.9,36.52694610778443
736504.0,502.0,155.0,122,78.71,30.87649402390438
1333558.0,42.0,0.0,,,0.0
125922.0,5.0,1.0,*,,20.0
1935618.0,452.0,161.0,81,50.31,35.61946902654867
117069.0,124.0,43.0,4,9.3,34.67741935483871
117077.0,82.0,46.0,1,2.17,56.09756097560976
117747.0,108.0,48.0,10,20.83,44.44444444444444
3330586.0,339.0,6.0,*,,1.7699115044247788
113928.0,117.0,46.0,13,28.26,39.31623931623932
137182.0,92.0,0.0,,,0.0
3730934.0,3.0,1.0,*,,33.33333333333333
3734878.0,84.0,27.0,10,37.04,32.142857142857146
1030121.0,167.0,84.0,5,5.95,50.29940119760479
125153.0,43.0,0.0,,,0.0
1930163.0,648.0,268.0,139,51.87,41.358024691358025
2930147.0,604.0,0.0,,,0.0
138313.0,20.0,0.0,,,0.0
105726.0,584.0,223.0,107,47.98,38.18493150684932
4135075.0,136.0,105.0,62,59.05,77.20588235294117
4330247.0,140.0,1.0,*,,0.7142857142857143
4930251.0,17.0,0.0,,,0.0
130666.0,53.0,16.0,5,31.25,30.18867924528302
111500.0,101.0,95.0,28,29.47,94.05940594059405
112870.0,70.0,37.0,3,8.11,52.85714285714286
1931674.0,269.0,158.0,68,43.04,58.7360594795539
3334299.0,483.0,125.0,34,27.2,25.87991718426501
4835302.0,106.0,42.0,16,38.1,39.62264150943396
5132758.0,79.0,35.0,16,45.71,44.303797468354425
131979.0,81.0,5.0,*,,6.172839506172839
4739207.0,138.0,41.0,22,53.66,29.71014492753623
4731253.0,18.0,0.0,,,0.0
112607.0,84.0,61.0,8,13.11,72.61904761904762
1030279.0,518.0,143.0,49,34.27,27.606177606177607
116392.0,511.0,166.0,50,30.12,32.4853228962818
3330800.0,98.0,33.0,0,0.0,33.6734693877551
3430378.0,315.0,52.0,32,61.54,16.507936507936506
123802.0,96.0,74.0,15,20.27,77.08333333333334
5433230.0,237.0,122.0,17,13.93,51.47679324894515
4930855.0,70.0,21.0,2,9.52,30.0
119743.0,99.0,89.0,56,62.92,89.8989898989899
4336137.0,386.0,140.0,87,62.14,36.26943005181347
133793.0,78.0,0.0,,,0.0
106328.0,635.0,156.0,143,91.67,24.566929133858267
120584.0,10.0,2.0,*,,20.0
5536750.0,84.0,24.0,15,62.5,28.57142857142857
5530084.0,18.0,6.0,*,,33.33333333333333
109900.0,130.0,1.0,*,,0.7692307692307693
4930244.0,352.0,99.0,84,84.85,28.125
4935607.0,218.0,0.0,,,0.0
4936803.0,458.0,90.0,61,67.78,19.65065502183406
101675.0,144.0,81.0,11,13.58,56.25
1936467.0,453.0,430.0,77,17.91,94.92273730684326
3033115.0,654.0,252.0,174,69.05,38.53211009174312
108191.0,556.0,241.0,79,32.78,43.3453237410072
4330593.0,28.0,0.0,,,0.0
5630389.0,726.0,491.0,101,20.57,67.63085399449037
4430252.0,90.0,48.0,42,87.5,53.333333333333336
4436754.0,139.0,40.0,23,57.5,28.776978417266186
4530267.0,73.0,6.0,*,,8.21917808219178
136440.0,27.0,3.0,*,,11.11111111111111
110999.0,576.0,192.0,118,61.46,33.33333333333333
1530252.0,616.0,216.0,38,17.59,35.064935064935064
1937481.0,511.0,179.0,112,62.57,35.0293542074364
133835.0,0.0,0.0,,,
126623.0,126.0,53.0,15,28.3,42.06349206349206
102459.0,479.0,175.0,88,50.29,36.53444676409186
1932532.0,71.0,9.0,*,,12.676056338028168
3031929.0,462.0,176.0,133,75.57,38.095238095238095
3330438.0,595.0,538.0,115,21.38,90.4201680672269
3330685.0,3.0,1.0,*,,33.33333333333333
134163.0,25.0,15.0,10,66.67,60.0
1933399.0,128.0,72.0,35,48.61,56.25
106351.0,43.0,19.0,7,36.84,44.18604651162791
1933647.0,314.0,279.0,31,11.11,88.85350318471338
110965.0,621.0,130.0,24,18.46,20.933977455716587
3030384.0,49.0,1.0,*,,2.0408163265306123
102293.0,52.0,12.0,*,,23.076923076923077
3135704.0,343.0,101.0,69,68.32,29.44606413994169
130393.0,49.0,5.0,*,,10.204081632653061
130484.0,17.0,0.0,,,0.0
734566.0,255.0,104.0,32,30.77,40.78431372549019
3430873.0,595.0,283.0,202,71.38,47.56302521008403
3630902.0,516.0,227.0,63,27.75,43.992248062015506
3732179.0,464.0,105.0,51,48.57,22.629310344827587
3834082.0,324.0,131.0,33,25.19,40.4320987654321
734368.0,597.0,243.0,200,82.3,40.7035175879397
117051.0,233.0,97.0,20,20.62,41.63090128755365
118588.0,382.0,98.0,9,9.18,25.654450261780106
6061634.0,90.0,43.0,9,20.93,47.77777777777778
136887.0,14.0,0.0,,,0.0
137224.0,86.0,0.0,,,0.0
1031376.0,236.0,59.0,15,25.42,25.0
126532.0,122.0,60.0,6,10.0,49.18032786885246
2537702.0,5.0,4.0,*,,80.0
133116.0,113.0,0.0,,,0.0
1030626.0,913.0,379.0,94,24.8,41.51150054764513
1935519.0,377.0,208.0,17,8.17,55.172413793103445
1937226.0,349.0,294.0,45,15.31,84.2406876790831
1937424.0,306.0,116.0,11,9.48,37.908496732026144
2930089.0,25.0,1.0,*,,4.0
3030129.0,63.0,2.0,*,,3.1746031746031744
131169.0,131.0,1.0,*,,0.7633587786259541
132472.0,108.0,4.0,*,,3.7037037037037033
4137535.0,208.0,171.0,90,52.63,82.21153846153845
136051.0,492.0,186.0,114,61.29,37.80487804878049
112029.0,104.0,86.0,16,18.6,82.6923076923077
113464.0,49.0,24.0,6,25.0,48.97959183673469
3330008.0,418.0,99.0,40,40.4,23.684210526315788
101907.0,60.0,15.0,3,20.0,25.0
127837.0,6.0,1.0,*,,16.666666666666664
102830.0,583.0,173.0,44,25.43,29.674099485420243
3633005.0,524.0,124.0,35,28.23,23.66412213740458
107029.0,286.0,116.0,43,37.07,40.55944055944056
4236345.0,220.0,69.0,48,69.57,31.363636363636367
134213.0,29.0,0.0,,,0.0
137687.0,29.0,3.0,*,,10.344827586206897
115725.0,59.0,21.0,1,4.76,35.59322033898305
1937051.0,750.0,188.0,113,60.11,25.066666666666666
108878.0,182.0,84.0,29,34.52,46.15384615384615
109447.0,384.0,334.0,28,8.38,86.97916666666666
109512.0,54.0,5.0,*,,9.25925925925926
4130217.0,385.0,172.0,135,78.49,44.675324675324674
128454.0,86.0,23.0,0,0.0,26.744186046511626
119966.0,247.0,139.0,21,15.11,56.2753036437247
120071.0,47.0,25.0,1,4.0,53.191489361702125
121095.0,68.0,45.0,10,22.22,66.17647058823529
2330900.0,46.0,25.0,5,20.0,54.347826086956516
3330842.0,63.0,4.0,*,,6.349206349206349
4235727.0,519.0,157.0,105,66.88,30.2504816955684
4530044.0,317.0,61.0,38,62.3,19.242902208201894
730473.0,23.0,1.0,*,,4.3478260869565215
1035575.0,124.0,41.0,9,21.95,33.064516129032256
2030153.0,9.0,1.0,*,,11.11111111111111
136267.0,48.0,11.0,*,,22.916666666666664
122721.0,97.0,12.0,*,,12.371134020618557
3630993.0,100.0,0.0,,,0.0
127647.0,81.0,32.0,12,37.5,39.50617283950617
135913.0,0.0,0.0,,,
123257.0,61.0,19.0,4,21.05,31.147540983606557
637504.0,78.0,29.0,0,0.0,37.17948717948718
129684.0,0.0,0.0,,,
1931781.0,524.0,203.0,139,68.47,38.74045801526718
1931989.0,20.0,1.0,*,,5.0
1932847.0,210.0,118.0,82,69.49,56.19047619047619
1932888.0,203.0,154.0,82,53.25,75.86206896551724
1933043.0,277.0,158.0,46,29.11,57.03971119133574
101964.0,53.0,5.0,*,,9.433962264150944
3630225.0,634.0,231.0,101,43.72,36.435331230283914
3730942.0,103.0,41.0,27,65.85,39.80582524271845
5231709.0,206.0,30.0,18,60.0,14.563106796116504
124495.0,103.0,43.0,5,11.63,41.74757281553398
124941.0,114.0,108.0,11,10.19,94.73684210526315
3332673.0,573.0,405.0,98,24.2,70.68062827225131
121467.0,36.0,26.0,4,15.38,72.22222222222221
126755.0,55.0,50.0,11,22.0,90.9090909090909
4832259.0,246.0,94.0,59,62.77,38.21138211382114
126060.0,67.0,37.0,4,10.81,55.223880597014926
3430626.0,74.0,3.0,*,,4.054054054054054
3633351.0,62.0,0.0,,,0.0
135095.0,44.0,2.0,*,,4.545454545454546
5432414.0,250.0,100.0,12,12.0,40.0
437350.0,231.0,52.0,38,73.08,22.51082251082251
137562.0,20.0,0.0,,,0.0
2730166.0,607.0,161.0,48,29.81,26.523887973640857
4830451.0,500.0,127.0,75,59.06,25.4
1531367.0,331.0,86.0,62,72.09,25.981873111782477
101717.0,38.0,2.0,*,,5.263157894736842
1930650.0,545.0,176.0,39,22.16,32.29357798165138
1931500.0,33.0,0.0,,,0.0
1931716.0,26.0,13.0,*,,50.0
1936228.0,433.0,183.0,48,26.23,42.263279445727484
108076.0,439.0,190.0,38,20.0,43.28018223234624
5630322.0,252.0,67.0,54,80.6,26.58730158730159
5635008.0,456.0,133.0,81,60.9,29.166666666666668
127241.0,178.0,97.0,47,48.45,54.49438202247191
3731114.0,267.0,109.0,41,37.61,40.823970037453186
6112965.0,18.0,0.0,,,0.0
5031380.0,452.0,111.0,30,27.03,24.557522123893804
4430245.0,11.0,4.0,*,,36.36363636363637
5730098.0,22.0,1.0,*,,4.545454545454546
5838305.0,166.0,52.0,26,50.0,31.32530120481928
4430195.0,11.0,0.0,,,0.0
4530333.0,37.0,5.0,*,,13.513513513513514
132936.0,45.0,7.0,*,,15.555555555555555
2030237.0,27.0,6.0,*,,22.22222222222222
3030210.0,521.0,153.0,117,76.47,29.366602687140116
3036001.0,808.0,234.0,187,79.91,28.960396039603957
118224.0,65.0,29.0,8,27.59,44.61538461538462
125716.0,154.0,43.0,2,4.65,27.92207792207792
129932.0,0.0,0.0,,,
2132587.0,447.0,176.0,158,89.77,39.37360178970917
125237.0,67.0,50.0,1,2.0,74.6268656716418
137836.0,22.0,0.0,,,0.0
138602.0,0.0,0.0,,,
3634995.0,139.0,44.0,2,4.55,31.654676258992804
3635042.0,569.0,360.0,198,55.0,63.2688927943761
110189.0,77.0,45.0,5,11.11,58.44155844155844
112797.0,63.0,22.0,2,9.09,34.92063492063492
1330133.0,513.0,183.0,72,39.34,35.67251461988304
1931088.0,471.0,182.0,104,57.14,38.6411889596603
1995737.0,157.0,72.0,55,76.39,45.85987261146497
3431533.0,386.0,89.0,38,42.7,23.05699481865285
6066450.0,93.0,28.0,4,14.29,30.107526881720432
122333.0,104.0,60.0,19,31.67,57.692307692307686
120923.0,418.0,120.0,29,24.17,28.708133971291865
3632809.0,292.0,0.0,,,0.0
3635844.0,321.0,94.0,19,20.21,29.283489096573206
122580.0,136.0,13.0,*,,9.558823529411764
3030186.0,35.0,2.0,*,,5.714285714285714
3430493.0,458.0,145.0,102,70.34,31.65938864628821
3730884.0,542.0,255.0,211,82.75,47.0479704797048
3731247.0,126.0,92.0,28,30.43,73.01587301587301
3734654.0,374.0,119.0,61,51.26,31.818181818181817
3930328.0,4.0,0.0,,,0.0
3935103.0,372.0,75.0,25,33.33,20.161290322580644
1536135.0,280.0,62.0,33,53.23,22.142857142857142
1930403.0,13.0,0.0,,,0.0
2730109.0,651.0,232.0,67,28.88,35.63748079877112
3335973.0,512.0,145.0,28,19.31,28.3203125
3334406.0,501.0,213.0,74,34.74,42.51497005988024
3930302.0,481.0,142.0,65,45.77,29.521829521829524
6112387.0,69.0,0.0,,,0.0
1930411.0,43.0,20.0,5,25.0,46.51162790697674
1935865.0,510.0,183.0,33,18.03,35.88235294117647
1937622.0,458.0,192.0,48,25.0,41.92139737991266
1938968.0,535.0,240.0,148,61.67,44.85981308411215
1995836.0,714.0,299.0,205,68.56,41.87675070028011
3330636.0,137.0,7.0,*,,5.109489051094891
3330529.0,572.0,221.0,119,53.85,38.63636363636363
100529.0,316.0,128.0,52,40.63,40.50632911392405
126474.0,67.0,41.0,4,9.76,61.19402985074627
129916.0,11.0,2.0,*,,18.181818181818183
6119309.0,71.0,7.0,*,,9.859154929577464
132233.0,78.0,44.0,11,25.0,56.41025641025641
733253.0,241.0,74.0,1,1.35,30.70539419087137
1930288.0,829.0,369.0,312,84.55,44.51145958986731
3130150.0,499.0,193.0,152,78.76,38.677354709418836
136937.0,18.0,0.0,,,0.0
3733219.0,20.0,8.0,*,,40.0
118141.0,63.0,0.0,,,0.0
3830411.0,75.0,42.0,2,4.76,56.00000000000001
4133070.0,356.0,151.0,109,72.19,42.41573033707865
733725.0,367.0,149.0,114,76.51,40.59945504087194
137661.0,40.0,1.0,*,,2.5
136556.0,75.0,2.0,*,,2.666666666666667
1931955.0,20.0,0.0,,,0.0
1932391.0,17.0,6.0,*,,35.294117647058826
127100.0,439.0,11.0,*,,2.5056947608200453
131987.0,60.0,12.0,*,,20.0
102871.0,760.0,258.0,207,80.23,33.94736842105263
4334116.0,525.0,185.0,137,74.05,35.23809523809524
731836.0,369.0,115.0,65,56.52,31.16531165311653
1838507.0,10.0,6.0,*,,60.0
133959.0,0.0,0.0,,,
3330370.0,642.0,310.0,142,45.81,48.28660436137071
3633906.0,705.0,270.0,97,35.93,38.297872340425535
4333795.0,463.0,160.0,80,50.0,34.557235421166304
4930384.0,76.0,27.0,19,70.37,35.526315789473685
5634076.0,157.0,49.0,28,57.14,31.210191082802545
117168.0,50.0,10.0,*,,20.0
109009.0,81.0,33.0,9,27.27,40.74074074074074
1030840.0,135.0,3.0,*,,2.2222222222222223
129585.0,153.0,79.0,6,7.59,51.633986928104584
3430659.0,117.0,77.0,42,54.55,65.8119658119658
3638012.0,425.0,89.0,21,23.6,20.941176470588236
4332995.0,450.0,140.0,78,55.71,31.11111111111111
4830089.0,329.0,122.0,58,47.54,37.08206686930091
4930400.0,262.0,93.0,64,68.82,35.49618320610687
5432828.0,397.0,101.0,41,40.59,25.440806045340054
125310.0,79.0,32.0,16,50.0,40.50632911392405
430090.0,47.0,0.0,,,0.0
1032507.0,442.0,91.0,8,8.79,20.588235294117645
3330818.0,417.0,82.0,15,18.29,19.664268585131893
4030102.0,29.0,1.0,*,,3.4482758620689653
114496.0,64.0,55.0,41,74.55,85.9375
5430350.0,25.0,0.0,,,0.0
3030244.0,374.0,118.0,71,60.17,31.550802139037433
4036703.0,370.0,136.0,107,78.68,36.75675675675676
4935151.0,319.0,129.0,85,65.89,40.43887147335423
122713.0,23.0,9.0,*,,39.130434782608695
5030879.0,381.0,141.0,34,24.11,37.00787401574803
135319.0,459.0,164.0,80,48.78,35.72984749455338
107003.0,235.0,103.0,40,38.83,43.829787234042556
3030624.0,24.0,2.0,*,,8.333333333333332
134429.0,0.0,0.0,,,
5031802.0,479.0,142.0,47,33.1,29.64509394572025
3432572.0,475.0,139.0,85,61.15,29.263157894736842
116723.0,63.0,18.0,5,27.78,28.57142857142857
5732201.0,569.0,268.0,238,88.81,47.10017574692443
4430211.0,192.0,90.0,73,81.11,46.875
5036850.0,144.0,40.0,11,27.5,27.77777777777778
101162.0,350.0,125.0,52,41.6,35.714285714285715
5738802.0,343.0,98.0,37,37.76,28.57142857142857
3030772.0,103.0,48.0,29,60.42,46.601941747572816
1337609.0,42.0,19.0,2,10.53,45.23809523809524
1436203.0,2.0,2.0,*,,100.0
119669.0,128.0,101.0,19,18.81,78.90625
1933951.0,498.0,199.0,23,11.56,39.959839357429715
3037496.0,624.0,286.0,254,88.81,45.83333333333333
138370.0,36.0,0.0,,,0.0
129957.0,26.0,0.0,,,0.0
4236030.0,588.0,142.0,68,47.89,24.149659863945576
6115935.0,42.0,6.0,*,,14.285714285714285
106401.0,43.0,32.0,28,87.5,74.4186046511628
1530369.0,471.0,127.0,80,62.99,26.963906581740975
1532290.0,533.0,133.0,30,22.56,24.953095684803
1937903.0,521.0,264.0,99,37.5,50.67178502879079
1939701.0,432.0,266.0,93,34.96,61.57407407407407
1933902.0,540.0,208.0,139,66.83,38.51851851851852
110064.0,164.0,109.0,65,59.63,66.46341463414635
3631199.0,10.0,1.0,*,,10.0
930164.0,259.0,63.0,40,63.49,24.324324324324326
936302.0,420.0,138.0,108,78.26,32.857142857142854
937805.0,239.0,54.0,28,51.85,22.594142259414227
2433001.0,95.0,46.0,7,15.22,48.421052631578945
3030145.0,324.0,92.0,37,40.22,28.39506172839506
730861.0,456.0,110.0,22,20.0,24.12280701754386
1630953.0,149.0,63.0,8,12.7,42.281879194630875
1732304.0,80.0,27.0,18,66.67,33.75
131938.0,6.0,0.0,,,0.0
1935758.0,824.0,461.0,211,45.77,55.94660194174757
1936947.0,1007.0,607.0,257,42.34,60.2780536246276
1939875.0,818.0,671.0,198,29.51,82.02933985330073
1937838.0,480.0,125.0,49,39.2,26.041666666666668
1938612.0,498.0,207.0,94,45.41,41.566265060240966
1939040.0,398.0,197.0,93,47.21,49.497487437185924
1939784.0,284.0,1.0,*,,0.35211267605633806
1937143.0,709.0,190.0,148,77.89,26.79830747531735
124834.0,44.0,11.0,*,,25.0
2930030.0,39.0,2.0,*,,5.128205128205128
2930048.0,128.0,40.0,26,65.0,31.25
129221.0,13.0,1.0,*,,7.6923076923076925
132746.0,40.0,13.0,*,,32.5
130062.0,538.0,203.0,174,85.71,37.732342007434944
129601.0,31.0,3.0,*,,9.67741935483871
3130259.0,11.0,0.0,,,0.0
3739018.0,795.0,246.0,140,56.91,30.943396226415093
130849.0,473.0,192.0,91,47.4,40.59196617336152
125864.0,131.0,4.0,*,,3.0534351145038165
126508.0,78.0,28.0,1,3.57,35.8974358974359
126524.0,141.0,81.0,13,16.05,57.446808510638306
126557.0,115.0,60.0,5,8.33,52.17391304347826
118174.0,26.0,14.0,*,,53.84615384615385
4330759.0,152.0,1.0,*,,0.6578947368421052
4330866.0,416.0,139.0,103,74.1,33.41346153846153
530154.0,49.0,7.0,*,,14.285714285714285
1930734.0,19.0,0.0,,,0.0
1930791.0,9.0,7.0,*,,77.77777777777779
1931377.0,14.0,1.0,*,,7.142857142857142
1931708.0,448.0,181.0,65,35.91,40.401785714285715
6061600.0,71.0,28.0,9,32.14,39.436619718309856
120600.0,71.0,9.0,*,,12.676056338028168
1937564.0,513.0,194.0,123,63.4,37.8167641325536
730184.0,118.0,2.0,*,,1.694915254237288
1936475.0,161.0,86.0,1,1.16,53.41614906832298
3030038.0,713.0,324.0,217,66.98,45.44179523141655
3630555.0,507.0,171.0,55,32.16,33.72781065088758
111195.0,298.0,93.0,67,72.04,31.20805369127517
3730975.0,11.0,6.0,*,,54.54545454545454
1995844.0,575.0,116.0,40,34.48,20.17391304347826
3232006.0,22.0,8.0,*,,36.36363636363637
127860.0,10.0,7.0,*,,70.0
129759.0,120.0,71.0,50,70.42,59.166666666666664
112722.0,95.0,47.0,15,31.91,49.473684210526315
4136693.0,486.0,176.0,108,61.36,36.21399176954733
101170.0,109.0,64.0,15,23.44,58.71559633027523
131359.0,53.0,35.0,32,91.43,66.0377358490566
114512.0,107.0,28.0,10,35.71,26.168224299065418
1995695.0,214.0,4.0,*,,1.8691588785046727
2732808.0,348.0,280.0,108,38.57,80.45977011494253
3330578.0,390.0,111.0,36,32.43,28.46153846153846
3433265.0,251.0,210.0,18,8.57,83.66533864541833
4030268.0,226.0,52.0,26,50.0,23.008849557522122
119859.0,65.0,0.0,,,0.0
132555.0,13.0,12.0,*,,92.3076923076923
1930601.0,438.0,135.0,58,42.96,30.82191780821918
1936806.0,104.0,5.0,*,,4.807692307692308
128777.0,151.0,0.0,,,0.0
137950.0,9.0,0.0,,,0.0
116434.0,145.0,56.0,43,76.79,38.62068965517241
4234613.0,536.0,132.0,68,51.52,24.62686567164179
109793.0,140.0,12.0,*,,8.571428571428571
129007.0,91.0,6.0,*,,6.593406593406594
111666.0,50.0,15.0,8,53.33,30.0
132167.0,10.0,8.0,*,,80.0
3430691.0,166.0,28.0,4,14.29,16.867469879518072
138552.0,65.0,0.0,,,0.0
731125.0,340.0,97.0,77,79.38,28.52941176470588
1930080.0,459.0,134.0,109,81.34,29.193899782135073
2830115.0,97.0,29.0,15,51.72,29.896907216494846
3330990.0,607.0,168.0,45,26.79,27.677100494233937
130054.0,397.0,141.0,64,45.39,35.51637279596977
100750.0,98.0,96.0,9,9.38,97.95918367346938
3038569.0,669.0,172.0,108,62.79,25.710014947683106
3136504.0,416.0,157.0,94,59.87,37.74038461538461
3734761.0,322.0,65.0,15,23.08,20.18633540372671
3833241.0,519.0,319.0,205,64.26,61.46435452793835
4330015.0,420.0,151.0,74,49.01,35.95238095238095
4330312.0,46.0,1.0,*,,2.1739130434782608
123356.0,7.0,1.0,*,,14.285714285714285
5434113.0,435.0,115.0,29,25.22,26.436781609195403
128157.0,46.0,0.0,,,0.0
4930103.0,12.0,1.0,*,,8.333333333333332
4133393.0,260.0,228.0,41,17.98,87.6923076923077
4335782.0,507.0,184.0,162,88.04,36.29191321499014
131698.0,166.0,125.0,81,64.8,75.30120481927712
5633748.0,596.0,220.0,168,76.36,36.91275167785235
5630256.0,41.0,11.0,*,,26.82926829268293
830059.0,108.0,1.0,*,,0.9259259259259258
1438308.0,4.0,0.0,,,0.0
1937028.0,270.0,130.0,19,14.62,48.148148148148145
1995547.0,10.0,0.0,,,0.0
2333649.0,30.0,11.0,*,,36.666666666666664
100065.0,81.0,35.0,14,40.0,43.20987654320987
115238.0,68.0,39.0,4,10.26,57.35294117647059
1930775.0,367.0,101.0,49,48.51,27.520435967302454
3330701.0,813.0,392.0,239,60.97,48.21648216482165
4432340.0,179.0,65.0,39,60.0,36.312849162011176
4437406.0,269.0,103.0,58,56.31,38.28996282527881
730218.0,50.0,4.0,*,,8.0
1335306.0,138.0,51.0,18,35.29,36.95652173913043
1930981.0,404.0,145.0,116,80.0,35.89108910891089
1937754.0,269.0,120.0,110,91.67,44.60966542750929
117994.0,194.0,0.0,,,0.0
128447.0,79.0,0.0,,,0.0
121285.0,123.0,84.0,10,11.9,68.29268292682927
3035581.0,395.0,173.0,117,67.63,43.79746835443038
3330479.0,652.0,571.0,158,27.67,87.57668711656443
130724.0,58.0,0.0,,,0.0
1132851.0,115.0,27.0,5,18.52,23.47826086956522
2030013.0,135.0,50.0,23,46.0,37.03703703703704
124131.0,68.0,3.0,*,,4.411764705882353
3130119.0,90.0,4.0,*,,4.444444444444445
3731809.0,406.0,103.0,48,46.6,25.36945812807882
3732336.0,557.0,138.0,85,61.59,24.775583482944345
125450.0,382.0,65.0,10,15.38,17.015706806282722
3636081.0,450.0,170.0,56,32.94,37.77777777777778
118315.0,15.0,5.0,*,,33.33333333333333
122788.0,56.0,18.0,8,44.44,32.142857142857146
6112585.0,25.0,0.0,,,0.0
100354.0,112.0,64.0,41,64.06,57.14285714285714
135855.0,90.0,57.0,8,14.04,63.33333333333333
1930619.0,43.0,3.0,*,,6.976744186046512
6058002.0,144.0,57.0,11,19.3,39.58333333333333
1935246.0,411.0,382.0,97,25.39,92.94403892944038
132498.0,95.0,37.0,9,24.32,38.94736842105263
115089.0,70.0,6.0,*,,8.571428571428571
114421.0,144.0,65.0,27,41.54,45.13888888888889
1031004.0,104.0,1.0,*,,0.9615384615384616
122432.0,192.0,92.0,41,44.57,47.91666666666667
1939537.0,514.0,240.0,122,50.83,46.69260700389105
3030046.0,572.0,417.0,249,59.71,72.9020979020979
3035409.0,396.0,381.0,63,16.54,96.21212121212122
127191.0,133.0,7.0,*,,5.263157894736842
1534155.0,203.0,66.0,6,9.09,32.51231527093596
1931336.0,25.0,9.0,*,,36.0
1931864.0,651.0,274.0,134,48.91,42.08909370199693
1932862.0,749.0,422.0,322,76.3,56.34178905206942
3630894.0,371.0,77.0,22,28.57,20.754716981132077
3732047.0,215.0,1.0,*,,0.46511627906976744
1930056.0,509.0,247.0,185,74.9,48.52652259332024
1934728.0,468.0,428.0,133,31.07,91.45299145299145
3630480.0,181.0,1.0,*,,0.5524861878453038
114694.0,95.0,58.0,24,41.38,61.05263157894737
1031897.0,560.0,185.0,88,47.57,33.035714285714285
138131.0,50.0,0.0,,,0.0
133272.0,116.0,61.0,11,18.03,52.58620689655172
133868.0,0.0,0.0,,,
108365.0,457.0,425.0,126,29.65,92.99781181619255
3434370.0,143.0,134.0,20,14.93,93.7062937062937
3630365.0,98.0,2.0,*,,2.0408163265306123
132142.0,233.0,92.0,51,55.43,39.48497854077253
114355.0,78.0,5.0,*,,6.41025641025641
1532605.0,471.0,120.0,35,29.17,25.477707006369428
1995661.0,278.0,119.0,44,36.97,42.805755395683455
127217.0,61.0,7.0,*,,11.475409836065573
1931492.0,536.0,150.0,82,54.67,27.985074626865668
1995802.0,714.0,251.0,169,67.33,35.154061624649856
136218.0,83.0,1.0,*,,1.2048192771084338
4330353.0,91.0,0.0,,,0.0
114470.0,83.0,77.0,20,25.97,92.7710843373494
1932128.0,216.0,72.0,1,1.39,33.33333333333333
1932342.0,29.0,9.0,*,,31.03448275862069
129742.0,133.0,19.0,6,31.58,14.285714285714285
2835601.0,432.0,155.0,65,41.94,35.879629629629626
730549.0,284.0,79.0,60,75.95,27.816901408450708
1736008.0,119.0,37.0,19,51.35,31.092436974789916
121657.0,15.0,0.0,,,0.0
1935923.0,393.0,182.0,79,43.41,46.31043256997455
3030632.0,105.0,18.0,9,50.0,17.142857142857142
5630066.0,145.0,81.0,1,1.23,55.86206896551724
1995299.0,21.0,3.0,*,,14.285714285714285
1931765.0,101.0,1.0,*,,0.9900990099009901
6016885.0,129.0,76.0,9,11.84,58.91472868217055
3731072.0,50.0,20.0,17,85.0,40.0
4130738.0,275.0,122.0,65,53.28,44.36363636363637
4136370.0,414.0,143.0,100,69.93,34.54106280193236
130617.0,85.0,79.0,16,20.25,92.94117647058823
111658.0,141.0,139.0,49,35.25,98.58156028368793
2130078.0,45.0,5.0,*,,11.11111111111111
4531000.0,31.0,7.0,*,,22.58064516129032
5036884.0,119.0,1.0,*,,0.8403361344537815
5830112.0,102.0,1.0,*,,0.9803921568627451
2430098.0,397.0,145.0,44,30.34,36.523929471032744
120675.0,67.0,67.0,50,74.63,100.0
3730314.0,459.0,196.0,117,59.69,42.70152505446623
3730751.0,30.0,7.0,*,,23.333333333333332
3732781.0,506.0,225.0,145,64.44,44.466403162055336
3737962.0,208.0,1.0,*,,0.4807692307692308
126094.0,34.0,3.0,*,,8.823529411764707
4338505.0,354.0,129.0,99,76.74,36.440677966101696
4838801.0,367.0,162.0,87,53.7,44.141689373297005
4334421.0,415.0,112.0,106,94.64,26.987951807228917
129981.0,10.0,6.0,*,,60.0
4337762.0,321.0,88.0,83,94.32,27.41433021806853
5530043.0,28.0,1.0,*,,3.571428571428571
110205.0,59.0,39.0,24,61.54,66.10169491525424
114777.0,97.0,0.0,,,0.0
125500.0,503.0,166.0,67,40.36,33.00198807157058
5030168.0,80.0,0.0,,,0.0
5631742.0,611.0,421.0,76,18.05,68.90343698854338
5634761.0,549.0,352.0,98,27.84,64.11657559198542
4338802.0,458.0,106.0,82,77.36,23.144104803493452
5630793.0,412.0,110.0,58,52.73,26.699029126213592
3635265.0,209.0,56.0,17,30.36,26.794258373205743
118935.0,515.0,221.0,183,82.81,42.9126213592233
3932308.0,188.0,63.0,28,44.44,33.51063829787234
138396.0,53.0,0.0,,,0.0
4530200.0,93.0,1.0,*,,1.0752688172043012
133934.0,78.0,9.0,*,,11.538461538461538
3734548.0,456.0,114.0,72,63.16,25.0
129668.0,39.0,3.0,*,,7.6923076923076925
5030176.0,15.0,2.0,*,,13.333333333333334
5035654.0,350.0,90.0,59,65.56,25.71428571428571
131573.0,29.0,1.0,*,,3.4482758620689653
119727.0,342.0,211.0,62,29.38,61.69590643274854
120808.0,21.0,6.0,*,,28.57142857142857
1933175.0,207.0,66.0,7,10.61,31.88405797101449
1995901.0,377.0,211.0,85,40.28,55.96816976127321
2335024.0,365.0,81.0,49,60.49,22.19178082191781
3036555.0,533.0,246.0,68,27.64,46.15384615384615
3430154.0,145.0,0.0,,,0.0
127209.0,179.0,1.0,*,,0.5586592178770949
133298.0,58.0,36.0,13,36.11,62.06896551724138
2730174.0,268.0,106.0,8,7.55,39.55223880597015
6119556.0,23.0,5.0,*,,21.73913043478261
3030475.0,286.0,48.0,1,2.08,16.783216783216783
114272.0,7.0,1.0,*,,14.285714285714285
3430634.0,146.0,27.0,0,0.0,18.493150684931507
137646.0,102.0,54.0,21,38.89,52.94117647058824
1235209.0,143.0,35.0,24,68.57,24.475524475524477
1234004.0,52.0,9.0,*,,17.307692307692307
1995869.0,131.0,75.0,49,65.33,57.25190839694656
102913.0,88.0,66.0,17,25.76,75.0
106245.0,55.0,1.0,*,,1.8181818181818181
1032150.0,203.0,76.0,18,23.68,37.4384236453202
1030295.0,210.0,55.0,7,12.73,26.190476190476193
1030584.0,277.0,0.0,,,0.0
1530476.0,540.0,195.0,134,68.72,36.11111111111111
1932680.0,330.0,85.0,26,30.59,25.757575757575758
127787.0,105.0,31.0,9,29.03,29.523809523809526
127910.0,112.0,68.0,10,14.71,60.71428571428571
114439.0,50.0,2.0,*,,4.0
2630010.0,98.0,26.0,15,57.69,26.53061224489796
3331071.0,450.0,413.0,74,17.92,91.77777777777779
3430584.0,243.0,78.0,12,15.38,32.098765432098766
1932334.0,40.0,2.0,*,,5.0
3331006.0,55.0,0.0,,,0.0
3730728.0,484.0,142.0,95,66.9,29.338842975206614
130575.0,65.0,39.0,15,38.46,60.0
111625.0,128.0,44.0,11,25.0,34.375
125732.0,391.0,123.0,55,44.72,31.45780051150895
3337128.0,108.0,10.0,*,,9.25925925925926
101972.0,300.0,67.0,37,55.22,22.333333333333332
106732.0,98.0,77.0,37,48.05,78.57142857142857
1038306.0,240.0,82.0,8,9.76,34.166666666666664
1133701.0,86.0,25.0,4,16.0,29.069767441860467
2030203.0,138.0,47.0,21,44.68,34.05797101449276
137281.0,82.0,2.0,*,,2.4390243902439024
3731692.0,553.0,85.0,42,49.41,15.370705244122965
3839081.0,489.0,279.0,172,61.65,57.05521472392638
117911.0,42.0,31.0,3,9.68,73.80952380952381
119693.0,91.0,54.0,21,38.89,59.34065934065934
113571.0,441.0,159.0,130,81.76,36.054421768707485
137190.0,160.0,0.0,,,0.0
1936046.0,193.0,59.0,5,8.47,30.569948186528496
1939834.0,355.0,329.0,152,46.2,92.67605633802816
3330859.0,759.0,336.0,213,63.39,44.26877470355731
138107.0,70.0,0.0,,,0.0
631259.0,81.0,14.0,*,,17.28395061728395
1931047.0,798.0,698.0,139,19.91,87.468671679198
1931385.0,19.0,2.0,*,,10.526315789473683
115998.0,32.0,10.0,*,,31.25
4030045.0,24.0,0.0,,,0.0
730572.0,169.0,7.0,*,,4.142011834319527
1930825.0,653.0,196.0,49,25.0,30.01531393568147
3330115.0,233.0,3.0,*,,1.2875536480686696
105734.0,756.0,349.0,235,67.34,46.164021164021165
3630571.0,798.0,407.0,195,47.91,51.00250626566416
3731221.0,153.0,7.0,*,,4.57516339869281
4330585.0,85.0,56.0,3,5.36,65.88235294117646
4335949.0,381.0,96.0,63,65.63,25.196850393700785
132324.0,103.0,79.0,69,87.34,76.69902912621359
1937085.0,8.0,0.0,,,0.0
3030657.0,623.0,226.0,208,92.04,36.27608346709471
3737632.0,748.0,307.0,193,62.87,41.0427807486631
134197.0,20.0,0.0,,,0.0
135970.0,36.0,9.0,*,,25.0
1031053.0,733.0,243.0,115,47.33,33.15143246930423
126136.0,155.0,27.0,13,48.15,17.419354838709676
119784.0,159.0,0.0,,,0.0
122382.0,72.0,48.0,3,6.25,66.66666666666666
114504.0,217.0,4.0,*,,1.8433179723502304
3331113.0,137.0,0.0,,,0.0
3634680.0,263.0,87.0,13,14.94,33.07984790874524
108787.0,90.0,47.0,13,27.66,52.22222222222223
118851.0,87.0,34.0,0,0.0,39.08045977011494
3930443.0,61.0,43.0,35,81.4,70.49180327868852
5237201.0,320.0,46.0,29,63.04,14.374999999999998
124487.0,141.0,33.0,2,6.06,23.404255319148938
2430049.0,22.0,0.0,,,0.0
3436714.0,385.0,138.0,90,65.22,35.84415584415584
3930427.0,108.0,30.0,8,26.67,27.77777777777778
132274.0,89.0,88.0,39,44.32,98.87640449438202
4838504.0,361.0,69.0,13,18.84,19.113573407202217
4930327.0,44.0,1.0,*,,2.272727272727273
4931507.0,131.0,43.0,28,65.12,32.82442748091603
4332839.0,374.0,126.0,50,39.68,33.68983957219251
5430251.0,302.0,67.0,11,16.42,22.185430463576157
5432786.0,464.0,112.0,41,36.61,24.137931034482758
5434931.0,78.0,11.0,*,,14.102564102564102
5431184.0,423.0,115.0,35,30.43,27.18676122931442
4333951.0,261.0,96.0,58,60.42,36.7816091954023
4932554.0,139.0,47.0,28,59.57,33.81294964028777
4930228.0,394.0,140.0,75,53.57,35.53299492385787
125674.0,214.0,61.0,2,3.28,28.504672897196258
5634548.0,596.0,395.0,103,26.08,66.2751677852349
3731023.0,210.0,73.0,52,71.23,34.76190476190476
138057.0,3.0,3.0,*,,100.0
1933308.0,24.0,1.0,*,,4.166666666666666
6117303.0,8.0,2.0,*,,25.0
3830288.0,306.0,159.0,79,49.69,51.9607843137255
3830437.0,112.0,64.0,24,37.5,57.14285714285714
5030010.0,397.0,101.0,56,55.45,25.440806045340054
117804.0,63.0,34.0,6,17.65,53.96825396825397
3730819.0,597.0,272.0,212,77.94,45.56113902847571
6119671.0,25.0,1.0,*,,4.0
4530804.0,128.0,17.0,9,52.94,13.28125
5830138.0,56.0,31.0,17,54.84,55.35714285714286
1431352.0,7.0,5.0,*,,71.42857142857143
128496.0,78.0,0.0,,,0.0
1930239.0,203.0,0.0,,,0.0
1935048.0,415.0,170.0,33,19.41,40.963855421686745
1995927.0,0.0,0.0,,,
120360.0,71.0,42.0,20,47.62,59.154929577464785
1933324.0,399.0,125.0,37,29.6,31.32832080200501
6116669.0,4.0,1.0,*,,25.0
3032505.0,467.0,152.0,78,51.32,32.54817987152035
3330214.0,218.0,72.0,24,33.33,33.02752293577982
130534.0,71.0,9.0,*,,12.676056338028168
138693.0,457.0,180.0,134,74.44,39.38730853391685
730358.0,37.0,0.0,,,0.0
1033430.0,382.0,102.0,37,36.27,26.701570680628272
1996503.0,99.0,61.0,15,24.59,61.61616161616161
3631157.0,539.0,213.0,71,33.33,39.51762523191095
130179.0,23.0,9.0,*,,39.130434782608695
1232206.0,266.0,58.0,32,55.17,21.804511278195488
1996479.0,613.0,145.0,23,15.86,23.65415986949429
1930700.0,254.0,91.0,29,31.87,35.826771653543304
3630530.0,47.0,0.0,,,0.0
107102.0,60.0,34.0,13,38.24,56.666666666666664
113555.0,576.0,244.0,196,80.33,42.36111111111111
1931625.0,236.0,0.0,,,0.0
128736.0,78.0,13.0,*,,16.666666666666664
124479.0,147.0,97.0,6,6.19,65.98639455782312
1938356.0,550.0,226.0,187,82.74,41.090909090909086
2430205.0,412.0,137.0,45,32.85,33.25242718446602
3432051.0,371.0,95.0,41,43.16,25.60646900269542
3432838.0,149.0,13.0,*,,8.724832214765101
3730371.0,165.0,96.0,46,47.92,58.18181818181818
133629.0,355.0,135.0,46,34.07,38.028169014084504
1230705.0,210.0,58.0,40,68.97,27.61904761904762
137679.0,0.0,0.0,,,
101683.0,44.0,14.0,*,,31.818181818181817
106831.0,132.0,24.0,10,41.67,18.181818181818183
106997.0,168.0,134.0,39,29.1,79.76190476190477
133306.0,407.0,385.0,37,9.61,94.5945945945946
136473.0,78.0,1.0,*,,1.282051282051282
134536.0,437.0,132.0,97,73.48,30.205949656750576
122473.0,20.0,0.0,,,0.0
100800.0,105.0,83.0,10,12.05,79.04761904761905
113381.0,580.0,204.0,139,68.14,35.172413793103445
3030574.0,749.0,235.0,195,82.98,31.37516688918558
108753.0,556.0,228.0,187,82.02,41.007194244604314
1030675.0,620.0,193.0,31,16.06,31.129032258064516
1930320.0,544.0,221.0,134,60.63,40.625
1932706.0,592.0,266.0,85,31.95,44.932432432432435
3630274.0,84.0,24.0,16,66.67,28.57142857142857
120733.0,48.0,32.0,14,43.75,66.66666666666666
1030451.0,24.0,0.0,,,0.0
1931971.0,13.0,0.0,,,0.0
1934157.0,301.0,130.0,13,10.0,43.18936877076412
130955.0,88.0,0.0,,,0.0
137786.0,1.0,0.0,,,0.0
100255.0,459.0,125.0,21,16.8,27.233115468409586
106120.0,475.0,1.0,*,,0.21052631578947367
114264.0,38.0,1.0,*,,2.631578947368421
122366.0,90.0,55.0,3,5.45,61.111111111111114
123141.0,59.0,57.0,17,29.82,96.61016949152543
3930344.0,90.0,4.0,*,,4.444444444444445
3934783.0,508.0,153.0,107,69.93,30.118110236220474
4531901.0,133.0,24.0,10,41.67,18.045112781954884
114991.0,113.0,23.0,7,30.43,20.353982300884958
1996131.0,224.0,92.0,78,84.78,41.07142857142857
132126.0,43.0,29.0,3,10.34,67.44186046511628
1932326.0,391.0,101.0,10,9.9,25.831202046035806
3335130.0,418.0,182.0,56,30.77,43.54066985645933
108795.0,34.0,32.0,10,31.25,94.11764705882352
130757.0,325.0,0.0,,,0.0
4331799.0,625.0,234.0,203,86.75,37.44
1938190.0,129.0,1.0,*,,0.7751937984496124
117762.0,87.0,64.0,3,4.69,73.5632183908046
119560.0,14.0,0.0,,,0.0
4530051.0,43.0,2.0,*,,4.651162790697675
1938513.0,157.0,2.0,*,,1.2738853503184715
3935756.0,190.0,72.0,34,47.22,37.89473684210527
116368.0,368.0,134.0,38,28.36,36.41304347826087
108894.0,138.0,138.0,31,22.46,100.0
109454.0,368.0,220.0,43,19.55,59.78260869565217
2130045.0,13.0,3.0,*,,23.076923076923077
3130036.0,55.0,1.0,*,,1.8181818181818181
5630371.0,23.0,4.0,*,,17.391304347826086
125633.0,36.0,0.0,,,0.0
4831004.0,363.0,132.0,94,71.21,36.36363636363637
5430327.0,43.0,3.0,*,,6.976744186046512
107151.0,63.0,1.0,*,,1.5873015873015872
4333639.0,267.0,94.0,19,20.21,35.2059925093633
4334900.0,307.0,106.0,49,46.23,34.527687296416936
435602.0,225.0,42.0,16,38.1,18.666666666666668
1934249.0,70.0,0.0,,,0.0
2733178.0,498.0,118.0,43,36.44,23.694779116465863
3330172.0,168.0,2.0,*,,1.1904761904761905
3330362.0,132.0,3.0,*,,2.272727272727273
102392.0,128.0,69.0,34,49.28,53.90625
114140.0,87.0,1.0,*,,1.1494252873563218
5430368.0,461.0,100.0,53,53.0,21.69197396963124
124727.0,19.0,0.0,,,0.0
1033695.0,246.0,80.0,44,55.0,32.52032520325203
1536440.0,391.0,183.0,40,21.86,46.80306905370844
3030392.0,669.0,194.0,146,75.26,28.998505231689087
120493.0,22.0,5.0,*,,22.727272727272727
101923.0,147.0,49.0,16,32.65,33.33333333333333
4935292.0,338.0,86.0,33,38.37,25.443786982248522
1030386.0,92.0,0.0,,,0.0
1937176.0,154.0,1.0,*,,0.6493506493506493
1995570.0,563.0,9.0,*,,1.5985790408525755
1935568.0,552.0,395.0,177,44.81,71.55797101449275
1939107.0,327.0,108.0,52,48.15,33.02752293577982
1939941.0,463.0,245.0,78,31.84,52.915766738660906
1996693.0,75.0,69.0,8,11.59,92.0
130823.0,440.0,0.0,,,0.0
3030467.0,5.0,1.0,*,,20.0
5030226.0,69.0,1.0,*,,1.4492753623188406
4333522.0,454.0,133.0,112,84.21,29.295154185022028
123786.0,65.0,0.0,,,0.0
4935482.0,343.0,105.0,39,37.14,30.612244897959183
5630348.0,222.0,92.0,63,68.48,41.44144144144144
105858.0,294.0,73.0,11,15.07,24.829931972789115
3933801.0,676.0,207.0,107,51.69,30.62130177514793
4231726.0,486.0,191.0,142,74.35,39.300411522633745
4235230.0,535.0,183.0,116,63.39,34.205607476635514
5830013.0,214.0,38.0,13,34.21,17.75700934579439
122606.0,100.0,76.0,19,25.0,76.0
3032943.0,718.0,270.0,202,74.81,37.60445682451253
3033206.0,294.0,57.0,45,78.95,19.387755102040817
2330207.0,1.0,1.0,*,,100.0
106518.0,19.0,1.0,*,,5.263157894736842
138032.0,19.0,0.0,,,0.0
110759.0,232.0,89.0,50,56.18,38.362068965517246
3334232.0,472.0,163.0,84,51.53,34.53389830508475
730044.0,364.0,142.0,108,76.06,39.010989010989015
1737006.0,74.0,12.0,*,,16.216216216216218
1935998.0,628.0,171.0,63,36.84,27.229299363057326
119016.0,159.0,54.0,28,51.85,33.9622641509434
132910.0,96.0,0.0,,,0.0
134841.0,7.0,1.0,*,,14.285714285714285
3332350.0,437.0,137.0,61,44.53,31.35011441647597
3730694.0,525.0,189.0,139,73.54,36.0
1130103.0,12.0,2.0,*,,16.666666666666664
101329.0,8.0,0.0,,,0.0
106765.0,618.0,76.0,42,55.26,12.297734627831716
3130176.0,537.0,182.0,146,80.22,33.89199255121043
3633302.0,538.0,218.0,38,17.43,40.520446096654275
3732062.0,580.0,191.0,63,32.98,32.93103448275862
3831765.0,462.0,263.0,146,55.51,56.926406926406926
3834769.0,99.0,23.0,4,17.39,23.232323232323232
119222.0,18.0,12.0,*,,66.66666666666666
132134.0,71.0,19.0,11,57.89,26.76056338028169
1533538.0,113.0,16.0,5,31.25,14.15929203539823
1932763.0,292.0,140.0,92,65.71,47.94520547945205
6019475.0,73.0,57.0,11,19.3,78.08219178082192
112425.0,155.0,111.0,71,63.96,71.61290322580646
2535409.0,55.0,9.0,*,,16.363636363636363
2633006.0,17.0,8.0,*,,47.05882352941176
2635001.0,5.0,3.0,*,,60.0
134247.0,305.0,5.0,*,,1.639344262295082
3636487.0,17.0,4.0,*,,23.52941176470588
1932318.0,57.0,0.0,,,0.0
1933118.0,402.0,85.0,9,10.59,21.144278606965177
1933795.0,432.0,151.0,55,36.42,34.9537037037037
1934033.0,334.0,174.0,61,35.06,52.09580838323353
1934371.0,116.0,68.0,6,8.82,58.620689655172406
1995786.0,86.0,19.0,10,52.63,22.093023255813954
3337649.0,159.0,2.0,*,,1.257861635220126
3337656.0,574.0,185.0,44,23.78,32.22996515679443
125161.0,182.0,46.0,4,8.7,25.274725274725274
135905.0,328.0,116.0,35,30.17,35.36585365853659
101881.0,43.0,12.0,*,,27.906976744186046
3930468.0,218.0,1.0,*,,0.45871559633027525
102285.0,587.0,143.0,56,39.16,24.361158432708688
1931666.0,364.0,162.0,85,52.47,44.505494505494504
2333185.0,44.0,17.0,12,70.59,38.63636363636363
3033578.0,561.0,343.0,261,76.09,61.14081996434938
108951.0,42.0,5.0,*,,11.904761904761903
114546.0,58.0,24.0,15,62.5,41.37931034482759
3434768.0,537.0,187.0,92,49.2,34.82309124767225
433953.0,158.0,64.0,30,46.88,40.50632911392405
1534957.0,194.0,40.0,14,35.0,20.618556701030926
113191.0,610.0,229.0,56,24.45,37.540983606557376
119040.0,349.0,124.0,69,55.65,35.53008595988539
1530401.0,61.0,13.0,*,,21.311475409836063
1930866.0,575.0,318.0,75,23.58,55.30434782608695
1931468.0,17.0,4.0,*,,23.52941176470588
1931682.0,25.0,2.0,*,,8.0
3030509.0,23.0,0.0,,,0.0
6120893.0,183.0,26.0,14,53.85,14.207650273224044
3731304.0,153.0,1.0,*,,0.6535947712418301
1934678.0,743.0,595.0,189,31.76,80.08075370121131
1936160.0,543.0,223.0,69,30.94,41.06813996316759
1936350.0,573.0,242.0,91,37.6,42.23385689354276
1938554.0,361.0,182.0,45,24.73,50.41551246537396
3330495.0,113.0,2.0,*,,1.7699115044247788
136416.0,47.0,0.0,,,0.0
138222.0,25.0,2.0,*,,8.0
1995596.0,58.0,1.0,*,,1.7241379310344827
106849.0,131.0,103.0,19,18.45,78.62595419847328
107011.0,84.0,61.0,21,34.43,72.61904761904762
121418.0,46.0,18.0,9,50.0,39.130434782608695
3131687.0,37.0,1.0,*,,2.7027027027027026
109108.0,481.0,447.0,93,20.81,92.93139293139293
5031521.0,60.0,29.0,10,34.48,48.333333333333336
1031632.0,126.0,1.0,*,,0.7936507936507936
1032911.0,360.0,89.0,14,15.73,24.72222222222222
1933597.0,591.0,248.0,186,75.0,41.96277495769882
2735348.0,276.0,177.0,42,23.73,64.13043478260869
3430261.0,96.0,63.0,1,1.59,65.625
119115.0,570.0,201.0,84,41.79,35.26315789473684
1230085.0,3.0,3.0,*,,100.0
2132272.0,326.0,144.0,74,51.39,44.171779141104295
3130168.0,273.0,14.0,*,,5.128205128205128
3830403.0,104.0,51.0,8,15.69,49.03846153846153
5630116.0,547.0,209.0,167,79.9,38.20840950639854
114025.0,364.0,157.0,22,14.01,43.13186813186813
111682.0,2.0,2.0,*,,100.0
3438504.0,170.0,40.0,7,17.5,23.52941176470588
112565.0,65.0,1.0,*,,1.5384615384615385
3930310.0,333.0,109.0,55,50.46,32.732732732732735
4735403.0,76.0,23.0,13,56.52,30.263157894736842
4330023.0,529.0,194.0,120,61.86,36.672967863894144
4332318.0,211.0,0.0,,,0.0
4830147.0,380.0,131.0,35,26.72,34.473684210526315
4830196.0,121.0,74.0,18,24.32,61.15702479338842
4830022.0,40.0,1.0,*,,2.5
136507.0,35.0,4.0,*,,11.428571428571429
5431614.0,28.0,0.0,,,0.0
5530191.0,43.0,0.0,,,0.0
5636188.0,537.0,118.0,69,58.47,21.973929236499067
127548.0,101.0,64.0,40,62.5,63.366336633663366
4330502.0,190.0,5.0,*,,2.631578947368421
120634.0,45.0,10.0,*,,22.22222222222222
110007.0,89.0,8.0,*,,8.98876404494382
5635776.0,372.0,95.0,41,43.16,25.537634408602152
5732904.0,44.0,16.0,4,25.0,36.36363636363637
4230587.0,148.0,49.0,31,63.27,33.108108108108105
4530028.0,214.0,52.0,18,34.62,24.299065420560748
730457.0,649.0,184.0,66,35.87,28.35130970724191
138115.0,25.0,0.0,,,0.0
132928.0,14.0,0.0,,,0.0
109926.0,65.0,42.0,5,11.9,64.61538461538461
133900.0,0.0,0.0,,,
6111371.0,6.0,1.0,*,,16.666666666666664
330753.0,154.0,26.0,18,69.23,16.883116883116884
334755.0,96.0,27.0,15,55.56,28.125
134312.0,78.0,4.0,*,,5.128205128205128
3331014.0,157.0,124.0,56,45.16,78.98089171974523
127316.0,362.0,86.0,32,37.21,23.756906077348066
3331121.0,153.0,4.0,*,,2.6143790849673203
3630233.0,444.0,136.0,65,47.79,30.630630630630627
437558.0,462.0,135.0,95,70.37,29.22077922077922
114553.0,120.0,76.0,67,88.16,63.33333333333333
100198.0,580.0,173.0,43,24.86,29.82758620689655
116400.0,563.0,174.0,29,16.67,30.905861456483123
1530385.0,666.0,245.0,81,33.06,36.786786786786784
1533330.0,477.0,162.0,47,29.01,33.9622641509434
127894.0,122.0,45.0,7,15.56,36.885245901639344
3031945.0,93.0,5.0,*,,5.376344086021505
125419.0,430.0,102.0,14,13.73,23.72093023255814
6114698.0,103.0,60.0,14,23.33,58.252427184466015
3638509.0,628.0,227.0,129,56.83,36.146496815286625
1939164.0,845.0,335.0,147,43.88,39.64497041420118
134858.0,90.0,40.0,28,70.0,44.44444444444444
124388.0,96.0,67.0,11,16.42,69.79166666666666
124891.0,131.0,127.0,15,11.81,96.94656488549617
124933.0,81.0,37.0,11,29.73,45.67901234567901
3031697.0,458.0,104.0,83,79.81,22.707423580786028
3031853.0,286.0,74.0,32,43.24,25.874125874125873
3430717.0,1107.0,58.0,20,34.48,5.239385727190606
434803.0,218.0,28.0,13,46.43,12.844036697247708
121715.0,34.0,2.0,*,,5.88235294117647
124610.0,146.0,1.0,*,,0.684931506849315
6115133.0,2.0,2.0,*,,100.0
3336237.0,600.0,228.0,88,38.6,38.0
100776.0,54.0,42.0,6,14.29,77.77777777777779
3730967.0,31.0,5.0,*,,16.129032258064516
132548.0,61.0,3.0,*,,4.918032786885246
4430229.0,56.0,6.0,*,,10.714285714285714
115170.0,243.0,8.0,*,,3.292181069958848
3730074.0,476.0,165.0,119,72.12,34.66386554621849
3731528.0,596.0,258.0,220,85.27,43.288590604026844
108225.0,438.0,161.0,55,34.16,36.757990867579906
118919.0,175.0,48.0,22,45.83,27.42857142857143
1996438.0,126.0,95.0,22,23.16,75.39682539682539
1932540.0,420.0,251.0,134,53.39,59.76190476190476
134585.0,22.0,0.0,,,0.0
3631066.0,167.0,36.0,20,55.56,21.55688622754491
126300.0,15.0,0.0,,,0.0
4035754.0,455.0,132.0,67,50.76,29.010989010989015
4334728.0,487.0,161.0,137,85.09,33.059548254620125
732941.0,331.0,254.0,96,37.8,76.73716012084593
1995406.0,336.0,63.0,16,25.4,18.75
3230083.0,49.0,4.0,*,,8.16326530612245
119958.0,84.0,50.0,10,20.0,59.523809523809526
3830205.0,168.0,105.0,55,52.38,62.5
4130472.0,401.0,170.0,135,79.41,42.394014962593516
120212.0,18.0,6.0,*,,33.33333333333333
6114011.0,66.0,6.0,*,,9.090909090909092
1530310.0,225.0,0.0,,,0.0
1936418.0,325.0,313.0,74,23.64,96.3076923076923
3934759.0,490.0,111.0,62,55.86,22.653061224489797
135087.0,239.0,0.0,,,0.0
111492.0,131.0,121.0,26,21.49,92.36641221374046
111575.0,147.0,80.0,9,11.25,54.421768707483
102178.0,15.0,0.0,,,0.0
4230454.0,280.0,43.0,29,67.44,15.357142857142858
5030317.0,177.0,21.0,10,47.62,11.864406779661017
4734901.0,8.0,1.0,*,,12.5
5337407.0,14.0,1.0,*,,7.142857142857142
124248.0,52.0,39.0,17,43.59,75.0
3932654.0,449.0,153.0,50,32.68,34.075723830734965
4330031.0,683.0,244.0,132,54.1,35.72474377745242
4330361.0,91.0,11.0,*,,12.087912087912088
5430046.0,383.0,92.0,30,32.61,24.02088772845953
137810.0,346.0,91.0,29,31.87,26.300578034682083
2431807.0,140.0,18.0,3,16.67,12.857142857142856
3330412.0,383.0,68.0,23,33.82,17.75456919060052
4830170.0,423.0,173.0,87,50.29,40.8983451536643
5435466.0,417.0,133.0,43,32.33,31.894484412470025
114389.0,81.0,5.0,*,,6.172839506172839
107284.0,70.0,1.0,*,,1.4285714285714286
1931393.0,15.0,8.0,*,,53.333333333333336
1931559.0,23.0,0.0,,,0.0
128462.0,142.0,2.0,*,,1.4084507042253522
4930012.0,425.0,147.0,91,61.9,34.588235294117645
5632021.0,250.0,116.0,57,49.14,46.400000000000006
1036672.0,425.0,142.0,49,34.51,33.411764705882355
1635606.0,410.0,92.0,29,31.52,22.439024390243905
3330917.0,78.0,59.0,31,52.54,75.64102564102564
3631322.0,481.0,145.0,45,31.03,30.14553014553015
5030200.0,116.0,1.0,*,,0.8620689655172413
3631017.0,704.0,514.0,283,55.06,73.01136363636364
138339.0,338.0,89.0,17,19.1,26.331360946745562
102541.0,86.0,67.0,12,17.91,77.90697674418605
5030267.0,83.0,1.0,*,,1.2048192771084338
5630298.0,83.0,27.0,17,62.96,32.53012048192771
5030135.0,405.0,79.0,17,21.52,19.50617283950617
5034913.0,327.0,1.0,*,,0.3058103975535168
5630108.0,64.0,3.0,*,,4.6875
121426.0,24.0,0.0,,,0.0
5036256.0,361.0,216.0,53,24.54,59.83379501385041
5137500.0,171.0,49.0,32,65.31,28.654970760233915
107722.0,435.0,125.0,75,60.0,28.735632183908045
114868.0,110.0,67.0,40,59.7,60.909090909090914
6061642.0,53.0,37.0,4,10.81,69.81132075471697
3430501.0,79.0,1.0,*,,1.2658227848101267
137208.0,111.0,0.0,,,0.0
5030259.0,163.0,45.0,8,17.78,27.607361963190186
5735154.0,476.0,181.0,66,36.46,38.02521008403361
115667.0,105.0,24.0,1,4.17,22.857142857142858
1230150.0,16.0,0.0,,,0.0
1332204.0,761.0,194.0,91,46.91,25.492772667542706
111583.0,148.0,116.0,22,18.97,78.37837837837837
111641.0,130.0,126.0,22,17.46,96.92307692307692
112045.0,311.0,147.0,21,14.29,47.266881028938904
114850.0,252.0,173.0,21,12.14,68.65079365079364
117440.0,115.0,3.0,*,,2.608695652173913
134668.0,885.0,336.0,201,59.82,37.96610169491525
100701.0,37.0,18.0,3,16.67,48.64864864864865
1335900.0,279.0,78.0,34,43.59,27.956989247311824
1937739.0,324.0,134.0,64,47.76,41.358024691358025
115253.0,60.0,42.0,4,9.52,70.0
117598.0,105.0,85.0,5,5.88,80.95238095238095
117606.0,128.0,111.0,31,27.93,86.71875
3330446.0,786.0,339.0,182,53.69,43.12977099236641
3433216.0,552.0,209.0,164,78.47,37.86231884057971
123224.0,153.0,5.0,*,,3.2679738562091507
1938307.0,528.0,250.0,60,24.0,47.34848484848485
1939859.0,317.0,174.0,21,12.07,54.889589905362776
1935436.0,473.0,179.0,35,19.55,37.84355179704017
132506.0,116.0,4.0,*,,3.4482758620689653
136614.0,106.0,9.0,*,,8.49056603773585
6119564.0,31.0,11.0,*,,35.483870967741936
127944.0,48.0,0.0,,,0.0
108688.0,47.0,22.0,15,68.18,46.808510638297875
6119945.0,69.0,36.0,12,33.33,52.17391304347826
1933159.0,418.0,207.0,105,50.72,49.52153110047847
134577.0,64.0,3.0,*,,4.6875
1232909.0,34.0,11.0,*,,32.35294117647059
108936.0,141.0,138.0,29,21.01,97.87234042553192
3235603.0,35.0,7.0,*,,20.0
102103.0,65.0,1.0,*,,1.5384615384615385
3830387.0,175.0,86.0,64,74.42,49.142857142857146
130229.0,463.0,190.0,132,69.47,41.03671706263499
1530708.0,693.0,162.0,72,44.44,23.376623376623375
126615.0,126.0,48.0,11,22.92,38.095238095238095
1931302.0,670.0,280.0,104,37.14,41.7910447761194
2730232.0,79.0,2.0,*,,2.5316455696202533
119404.0,448.0,214.0,167,78.04,47.767857142857146
3030053.0,355.0,124.0,96,77.42,34.92957746478873
3430451.0,36.0,1.0,*,,2.7777777777777777
1431600.0,133.0,53.0,27,50.94,39.849624060150376
1996495.0,74.0,31.0,4,12.9,41.891891891891895
3330974.0,91.0,2.0,*,,2.197802197802198
3430519.0,147.0,4.0,*,,2.7210884353741496
3430865.0,194.0,77.0,51,66.23,39.69072164948454
3431012.0,449.0,123.0,27,21.95,27.39420935412027
107730.0,13.0,0.0,,,0.0
101956.0,94.0,74.0,44,59.46,78.72340425531915
930214.0,31.0,6.0,*,,19.35483870967742
932756.0,235.0,61.0,36,59.02,25.957446808510635
1931617.0,64.0,44.0,0,0.0,68.75
1932086.0,270.0,260.0,59,22.69,96.29629629629629
2432409.0,154.0,46.0,16,34.78,29.87012987012987
3034410.0,622.0,196.0,148,75.51,31.511254019292608
3038445.0,628.0,231.0,136,58.87,36.78343949044586
3630308.0,273.0,7.0,*,,2.564102564102564
123794.0,96.0,54.0,27,50.0,56.25
1930783.0,7.0,1.0,*,,14.285714285714285
1931930.0,25.0,6.0,*,,24.0
2730133.0,0.0,0.0,,,
3630761.0,279.0,77.0,22,28.57,27.598566308243726
4030185.0,26.0,1.0,*,,3.8461538461538463
730317.0,54.0,4.0,*,,7.4074074074074066
131128.0,94.0,37.0,5,13.51,39.361702127659576
3632205.0,782.0,328.0,61,18.6,41.94373401534527
6037980.0,86.0,38.0,10,26.32,44.18604651162791
3739026.0,98.0,0.0,,,0.0
119628.0,21.0,2.0,*,,9.523809523809524
1932201.0,526.0,222.0,118,53.15,42.20532319391635
2439602.0,208.0,0.0,,,0.0
113159.0,386.0,282.0,53,18.79,73.05699481865285
3730173.0,369.0,151.0,86,56.95,40.921409214092144
3731395.0,172.0,6.0,*,,3.488372093023256
3932001.0,392.0,113.0,45,39.82,28.8265306122449
4734356.0,22.0,5.0,*,,22.727272727272727
132704.0,622.0,271.0,212,78.23,43.569131832797424
124990.0,285.0,0.0,,,0.0
136135.0,0.0,0.0,,,
125849.0,206.0,22.0,11,50.0,10.679611650485436
115402.0,36.0,8.0,*,,22.22222222222222
131177.0,715.0,292.0,218,74.66,40.83916083916084
1630169.0,301.0,66.0,24,36.36,21.92691029900332
1933746.0,1120.0,531.0,377,71.0,47.410714285714285
1933852.0,585.0,323.0,116,35.91,55.21367521367522
1935352.0,242.0,229.0,42,18.34,94.62809917355372
6116750.0,89.0,62.0,15,24.19,69.66292134831461
131383.0,90.0,0.0,,,0.0
121087.0,412.0,148.0,77,52.03,35.92233009708738
2830016.0,396.0,155.0,70,45.16,39.141414141414145
2837102.0,121.0,47.0,28,59.57,38.84297520661157
3030590.0,17.0,1.0,*,,5.88235294117647
3037553.0,577.0,283.0,121,42.76,49.04679376083189
3738226.0,732.0,177.0,83,46.89,24.18032786885246
130997.0,57.0,30.0,2,6.67,52.63157894736842
134254.0,38.0,0.0,,,0.0
114736.0,627.0,582.0,179,30.76,92.82296650717703
3030491.0,417.0,368.0,42,11.41,88.2494004796163
101832.0,71.0,15.0,4,26.67,21.12676056338028
3737384.0,63.0,3.0,*,,4.761904761904762
118380.0,397.0,154.0,75,48.7,38.79093198992443
5436282.0,151.0,22.0,6,27.27,14.56953642384106
1132109.0,3.0,1.0,*,,33.33333333333333
115030.0,50.0,32.0,11,34.38,64.0
3430170.0,369.0,184.0,43,23.37,49.86449864498645
3732054.0,217.0,0.0,,,0.0
3730066.0,565.0,148.0,88,59.46,26.194690265486724
3732559.0,16.0,2.0,*,,12.5
3732625.0,539.0,141.0,83,58.87,26.159554730983302
111773.0,47.0,2.0,*,,4.25531914893617
4634259.0,19.0,5.0,*,,26.31578947368421
4830113.0,121.0,38.0,22,57.89,31.40495867768595
433946.0,17.0,1.0,*,,5.88235294117647
4335907.0,480.0,238.0,178,74.79,49.583333333333336
130708.0,26.0,0.0,,,0.0
4930160.0,225.0,40.0,5,12.5,17.77777777777778
4135331.0,21.0,8.0,*,,38.095238095238095
3830429.0,6.0,0.0,,,0.0
4334470.0,762.0,335.0,249,74.33,43.963254593175854
100305.0,30.0,6.0,*,,20.0
132977.0,20.0,0.0,,,0.0
4430187.0,66.0,5.0,*,,7.575757575757576
132647.0,53.0,0.0,,,0.0
135939.0,11.0,1.0,*,,9.090909090909092
119131.0,315.0,140.0,73,52.14,44.44444444444444
3433471.0,215.0,74.0,26,35.14,34.418604651162795
118802.0,490.0,306.0,143,46.73,62.44897959183674
3630597.0,611.0,170.0,72,42.35,27.823240589198033
106799.0,54.0,15.0,6,40.0,27.77777777777778
5130059.0,5.0,0.0,,,0.0
5135256.0,129.0,36.0,11,30.56,27.906976744186046
5835202.0,173.0,50.0,26,52.0,28.901734104046245
132225.0,644.0,311.0,234,75.24,48.29192546583851
134114.0,16.0,0.0,,,0.0
136754.0,15.0,0.0,,,0.0
1931997.0,23.0,1.0,*,,4.3478260869565215
1932383.0,230.0,93.0,4,4.3,40.43478260869565
1932821.0,8.0,0.0,,,0.0
1933381.0,581.0,318.0,91,28.62,54.73321858864028
132654.0,91.0,4.0,*,,4.395604395604396
1331404.0,373.0,131.0,37,28.24,35.120643431635386
112037.0,141.0,82.0,7,8.54,58.156028368794324
2133262.0,296.0,119.0,71,59.66,40.2027027027027
2131340.0,308.0,102.0,80,78.43,33.116883116883116
3236007.0,41.0,8.0,*,,19.51219512195122
136523.0,66.0,8.0,*,,12.121212121212121
1995539.0,164.0,143.0,136,95.1,87.1951219512195
1995935.0,531.0,448.0,52,11.61,84.36911487758945
1939479.0,182.0,106.0,29,27.36,58.24175824175825
1995430.0,52.0,1.0,*,,1.9230769230769231
133405.0,0.0,0.0,,,
100420.0,884.0,382.0,197,51.57,43.21266968325792
3632742.0,445.0,86.0,24,27.91,19.325842696629213
133009.0,132.0,1.0,*,,0.7575757575757576
101477.0,149.0,100.0,23,23.0,67.11409395973155
138669.0,45.0,0.0,,,0.0
1931641.0,147.0,1.0,*,,0.6802721088435374
1931880.0,165.0,80.0,79,98.75,48.484848484848484
102137.0,30.0,0.0,,,0.0
102921.0,118.0,97.0,62,63.92,82.20338983050848
106435.0,86.0,70.0,3,4.29,81.3953488372093
2035640.0,92.0,1.0,*,,1.0869565217391304
3038239.0,498.0,97.0,30,30.93,19.477911646586346
431676.0,475.0,135.0,89,65.93,28.421052631578945
1030642.0,66.0,0.0,,,0.0
3038023.0,663.0,217.0,143,65.9,32.73001508295626
128868.0,76.0,18.0,0,0.0,23.684210526315788
3333770.0,540.0,472.0,55,11.65,87.4074074074074
102236.0,471.0,221.0,81,36.65,46.92144373673036
3630670.0,121.0,25.0,1,4.0,20.66115702479339
137612.0,71.0,38.0,18,47.37,53.52112676056338
2731115.0,13.0,1.0,*,,7.6923076923076925
2733657.0,138.0,62.0,48,77.42,44.927536231884055
2734556.0,646.0,212.0,83,39.15,32.81733746130031
134981.0,18.0,0.0,,,0.0
3637584.0,764.0,296.0,142,47.97,38.7434554973822
3938008.0,455.0,147.0,79,53.74,32.30769230769231
3031952.0,526.0,492.0,150,30.49,93.5361216730038
109843.0,113.0,52.0,28,53.85,46.017699115044245
136028.0,108.0,0.0,,,0.0
1932656.0,26.0,1.0,*,,3.8461538461538463
124412.0,108.0,84.0,9,10.71,77.77777777777779
1936277.0,448.0,169.0,106,62.72,37.723214285714285
1939602.0,495.0,182.0,142,78.02,36.76767676767677
3330503.0,102.0,42.0,4,9.52,41.17647058823529
135772.0,0.0,0.0,,,
3730181.0,620.0,254.0,158,62.2,40.96774193548387
116376.0,321.0,124.0,34,27.42,38.62928348909657
119073.0,35.0,0.0,,,0.0
114462.0,141.0,58.0,10,17.24,41.13475177304964
136259.0,36.0,3.0,*,,8.333333333333332
132027.0,113.0,97.0,14,14.43,85.84070796460178
3630811.0,22.0,3.0,*,,13.636363636363635
4332474.0,508.0,156.0,106,67.95,30.708661417322837
4333316.0,605.0,179.0,158,88.27,29.586776859504134
138065.0,60.0,0.0,,,0.0
731646.0,443.0,162.0,127,78.4,36.56884875846501
1030535.0,145.0,57.0,12,21.05,39.310344827586206
124552.0,123.0,77.0,15,19.48,62.601626016260155
1930155.0,619.0,214.0,84,39.25,34.5718901453958
134239.0,19.0,0.0,,,0.0
119214.0,49.0,3.0,*,,6.122448979591836
3634482.0,588.0,205.0,59,28.78,34.863945578231295
3735206.0,530.0,132.0,55,41.67,24.90566037735849
112284.0,94.0,10.0,*,,10.638297872340425
1030774.0,74.0,0.0,,,0.0
1135656.0,166.0,32.0,14,43.75,19.27710843373494
109942.0,51.0,32.0,1,3.13,62.745098039215684
3035987.0,89.0,1.0,*,,1.1235955056179776
116459.0,442.0,193.0,96,49.74,43.665158371040725
3430592.0,451.0,175.0,101,57.71,38.80266075388026
128439.0,54.0,0.0,,,0.0
3730702.0,421.0,132.0,90,68.18,31.353919239904986
4430518.0,335.0,121.0,82,67.77,36.11940298507463
128306.0,3.0,0.0,,,0.0
3430709.0,66.0,1.0,*,,1.5151515151515151
1030378.0,38.0,1.0,*,,2.631578947368421
1530351.0,62.0,1.0,*,,1.6129032258064515
1930973.0,30.0,0.0,,,0.0
1931690.0,32.0,1.0,*,,3.125
3730124.0,482.0,160.0,33,20.63,33.19502074688796
3730801.0,447.0,112.0,37,33.04,25.05592841163311
3731155.0,22.0,7.0,*,,31.818181818181817
4930236.0,19.0,0.0,,,0.0
5431598.0,187.0,50.0,15,30.0,26.737967914438503
125427.0,257.0,24.0,1,4.17,9.33852140077821
4330668.0,93.0,54.0,10,18.52,58.06451612903226
120659.0,70.0,21.0,7,33.33,30.0
3032109.0,542.0,219.0,147,67.12,40.405904059040594
5631619.0,507.0,352.0,184,52.27,69.42800788954635
3630019.0,142.0,1.0,*,,0.7042253521126761
137034.0,26.0,0.0,,,0.0
3730058.0,518.0,192.0,95,49.48,37.06563706563706
129320.0,66.0,36.0,13,36.11,54.54545454545454
111203.0,51.0,7.0,*,,13.725490196078432
126003.0,14.0,1.0,*,,7.142857142857142
1936624.0,621.0,108.0,17,15.74,17.391304347826086
1996537.0,88.0,4.0,*,,4.545454545454546
2132264.0,53.0,1.0,*,,1.8867924528301887
6120356.0,14.0,4.0,*,,28.57142857142857
108084.0,458.0,176.0,133,75.57,38.427947598253276
3233509.0,9.0,7.0,*,,77.77777777777779
4138053.0,441.0,151.0,88,58.28,34.24036281179138
4132551.0,315.0,150.0,100,66.67,47.61904761904761
5637004.0,528.0,169.0,127,75.15,32.00757575757576
2330413.0,23.0,8.0,*,,34.78260869565217
3037348.0,563.0,247.0,183,74.09,43.87211367673179
3033933.0,416.0,179.0,54,30.17,43.02884615384615
3035706.0,424.0,173.0,77,44.51,40.80188679245283
4231205.0,8.0,7.0,*,,87.5
137117.0,25.0,1.0,*,,4.0
5731708.0,50.0,20.0,3,15.0,40.0
101899.0,50.0,8.0,*,,16.0
137232.0,24.0,0.0,,,0.0
107094.0,100.0,38.0,12,31.58,38.0
4533600.0,35.0,6.0,*,,17.142857142857142
134924.0,32.0,2.0,*,,6.25
730283.0,353.0,122.0,109,89.34,34.56090651558073
117218.0,143.0,56.0,25,44.64,39.16083916083916
1030758.0,39.0,0.0,,,0.0
135145.0,45.0,1.0,*,,2.2222222222222223
121673.0,38.0,20.0,6,30.0,52.63157894736842
3630373.0,851.0,399.0,205,51.38,46.88601645123384
130286.0,21.0,14.0,*,,66.66666666666666
1530492.0,89.0,12.0,*,,13.48314606741573
1938679.0,492.0,235.0,186,79.15,47.764227642276424
3031895.0,669.0,179.0,134,74.86,26.756352765321374
118885.0,528.0,185.0,42,22.7,35.03787878787879
1535087.0,372.0,85.0,26,30.59,22.849462365591396
1932664.0,397.0,122.0,42,34.43,30.730478589420656
1930338.0,333.0,0.0,,,0.0
1936889.0,315.0,121.0,46,38.02,38.41269841269842
2730414.0,207.0,59.0,46,77.97,28.502415458937197
3333762.0,216.0,78.0,0,0.0,36.11111111111111
1033950.0,47.0,9.0,*,,19.148936170212767
2730125.0,50.0,1.0,*,,2.0
2730190.0,374.0,141.0,24,17.02,37.70053475935829
3537008.0,744.0,205.0,97,47.32,27.553763440860212
3631207.0,97.0,53.0,29,54.72,54.63917525773196
134890.0,273.0,16.0,2,12.5,5.86080586080586
3730405.0,659.0,256.0,180,70.31,38.846737481031866
3730843.0,802.0,428.0,294,68.69,53.36658354114713
730051.0,648.0,261.0,216,82.76,40.27777777777778
1938166.0,429.0,148.0,51,34.46,34.4988344988345
118075.0,141.0,1.0,*,,0.7092198581560284
1936103.0,236.0,117.0,20,17.09,49.57627118644068
2235356.0,134.0,36.0,26,72.22,26.865671641791046
137869.0,15.0,0.0,,,0.0
3630159.0,202.0,0.0,,,0.0
131250.0,23.0,7.0,*,,30.434782608695656
107219.0,157.0,58.0,18,31.03,36.94267515923567
107482.0,38.0,7.0,*,,18.421052631578945
1434901.0,16.0,5.0,*,,31.25
1930312.0,23.0,2.0,*,,8.695652173913043
121293.0,89.0,18.0,5,27.78,20.224719101123593
123737.0,3.0,1.0,*,,33.33333333333333
2334563.0,21.0,4.0,*,,19.047619047619047
128280.0,34.0,2.0,*,,5.88235294117647
2330454.0,13.0,0.0,,,0.0
3030855.0,479.0,195.0,69,35.38,40.709812108559504
3033362.0,539.0,172.0,87,50.58,31.910946196660483
3033610.0,224.0,0.0,,,0.0
134866.0,18.0,0.0,,,0.0
4232690.0,65.0,1.0,*,,1.5384615384615385
118018.0,114.0,9.0,*,,7.894736842105263
1932482.0,199.0,73.0,15,20.55,36.68341708542713
124362.0,262.0,107.0,25,23.36,40.839694656488554
3430386.0,121.0,0.0,,,0.0
3431111.0,255.0,56.0,28,50.0,21.96078431372549
3731189.0,103.0,82.0,50,60.98,79.6116504854369
3731213.0,207.0,60.0,20,33.33,28.985507246376812
3734431.0,226.0,100.0,40,40.0,44.24778761061947
1035831.0,447.0,67.0,4,5.97,14.988814317673377
2732170.0,221.0,70.0,18,25.71,31.674208144796378
106567.0,98.0,45.0,6,13.33,45.91836734693878
3034998.0,273.0,161.0,0,0.0,58.97435897435898
3433794.0,394.0,328.0,42,12.8,83.24873096446701
3737418.0,478.0,190.0,140,73.68,39.74895397489539
101725.0,141.0,0.0,,,0.0
4030755.0,278.0,44.0,29,65.91,15.827338129496402
130435.0,20.0,1.0,*,,5.0
730424.0,74.0,1.0,*,,1.3513513513513513
1831601.0,20.0,10.0,*,,50.0
126037.0,119.0,66.0,28,42.42,55.46218487394958
116343.0,48.0,3.0,*,,6.25
138073.0,43.0,0.0,,,0.0
3730017.0,57.0,0.0,,,0.0
3731163.0,15.0,3.0,*,,20.0
4338950.0,407.0,112.0,70,62.5,27.51842751842752
136234.0,2.0,0.0,,,0.0
132571.0,22.0,10.0,*,,45.45454545454545
1996313.0,153.0,89.0,15,16.85,58.16993464052288
127381.0,165.0,146.0,86,58.9,88.48484848484848
1939305.0,197.0,60.0,2,3.33,30.456852791878177
1995448.0,403.0,274.0,115,41.97,67.99007444168734
1937697.0,527.0,273.0,165,60.44,51.802656546489565
3731478.0,291.0,151.0,113,74.83,51.890034364261176
127522.0,22.0,0.0,,,0.0
125377.0,167.0,104.0,32,30.77,62.27544910179641
125021.0,71.0,20.0,4,20.0,28.169014084507044
3130184.0,513.0,247.0,206,83.4,48.148148148148145
3135308.0,482.0,157.0,120,76.43,32.572614107883815
3138500.0,173.0,66.0,37,56.06,38.15028901734104
3430477.0,322.0,124.0,29,23.39,38.50931677018634
4430179.0,16.0,2.0,*,,12.5
1531672.0,339.0,79.0,22,27.85,23.303834808259587
125989.0,124.0,69.0,13,18.84,55.64516129032258
126573.0,141.0,31.0,2,6.45,21.98581560283688
4331955.0,290.0,87.0,30,34.48,30.0
137364.0,33.0,6.0,*,,18.181818181818183
3034204.0,419.0,124.0,43,34.68,29.594272076372313
138081.0,33.0,3.0,*,,9.090909090909092
3134657.0,414.0,127.0,66,51.97,30.676328502415455
119487.0,119.0,45.0,30,66.67,37.81512605042017
3731239.0,119.0,18.0,7,38.89,15.126050420168067
4130993.0,522.0,234.0,191,81.62,44.827586206896555
4331039.0,67.0,0.0,,,0.0
6069397.0,46.0,11.0,*,,23.91304347826087
119610.0,125.0,65.0,10,15.38,52.0
120410.0,19.0,7.0,*,,36.84210526315789
113431.0,99.0,51.0,37,72.55,51.515151515151516
4732707.0,15.0,3.0,*,,20.0
4738753.0,44.0,10.0,*,,22.727272727272727
6119291.0,5.0,2.0,*,,40.0
131995.0,59.0,20.0,1,5.0,33.89830508474576
4838058.0,97.0,3.0,*,,3.0927835051546393
1930064.0,13.0,0.0,,,0.0
1930296.0,34.0,0.0,,,0.0
1930577.0,44.0,1.0,*,,2.272727272727273
137794.0,122.0,5.0,*,,4.098360655737705
5430277.0,46.0,2.0,*,,4.3478260869565215
102186.0,80.0,0.0,,,0.0
4037008.0,18.0,0.0,,,0.0
119354.0,48.0,0.0,,,0.0
5536503.0,218.0,40.0,31,77.5,18.34862385321101
112276.0,56.0,1.0,*,,1.7857142857142856
3733953.0,417.0,106.0,34,32.08,25.41966426858513
3738705.0,545.0,159.0,55,34.59,29.174311926605505
4032009.0,39.0,12.0,*,,30.76923076923077
5630363.0,18.0,0.0,,,0.0
5630199.0,19.0,2.0,*,,10.526315789473683
138388.0,23.0,0.0,,,0.0
135889.0,19.0,6.0,*,,31.57894736842105
4532750.0,302.0,54.0,33,61.11,17.880794701986755
106906.0,35.0,19.0,4,21.05,54.285714285714285
116509.0,73.0,16.0,1,6.25,21.91780821917808
2335487.0,76.0,18.0,6,33.33,23.684210526315788
2330041.0,15.0,6.0,*,,40.0
2332260.0,27.0,7.0,*,,25.925925925925924
110627.0,1083.0,543.0,293,53.96,50.13850415512465
5032651.0,150.0,40.0,23,57.5,26.666666666666668
,,,,,
